label,x0,y0,z0,x1,y1,z1,x2,y2,z2,x3,y3,z3,x4,y4,z4,x5,y5,z5,x6,y6,z6,x7,y7,z7,x8,y8,z8,x9,y9,z9,x10,y10,z10,x11,y11,z11,x12,y12,z12,x13,y13,z13,x14,y14,z14,x15,y15,z15,x16,y16,z16,x17,y17,z17,x18,y18,z18,x19,y19,z19,x20,y20,z20
HELLO,0.25696906447410583,0.7326732277870178,4.451885970979674e-09,0.2957080900669098,0.675727128982544,-0.010024834424257278,0.30598151683807373,0.594601035118103,-0.010952631942927837,0.2715132236480713,0.5431363582611084,-0.013179955072700977,0.2313879132270813,0.5536139011383057,-0.016007348895072937,0.28396350145339966,0.527687132358551,0.005054742097854614,0.2762698829174042,0.45671093463897705,-0.00326778506860137,0.26468467712402344,0.41866838932037354,-0.01476991456001997,0.2517315745353699,0.3862701654434204,-0.024843038991093636,0.25356388092041016,0.5270161628723145,-0.0003979837638325989,0.2408343255519867,0.4521642029285431,-0.006619525142014027,0.2304256707429886,0.4042944312095642,-0.01942398212850094,0.21815526485443115,0.36363494396209717,-0.03155524283647537,0.22827744483947754,0.5416199564933777,-0.008759628981351852,0.2127058506011963,0.47124940156936646,-0.01679845154285431,0.20222622156143188,0.42598700523376465,-0.03079451620578766,0.18962979316711426,0.38818851113319397,-0.0422544851899147,0.2053905725479126,0.5682369470596313,-0.018886655569076538,0.19144216179847717,0.5103114247322083,-0.025898076593875885,0.18325665593147278,0.47284191846847534,-0.03368181735277176,0.174160435795784,0.4392131268978119,-0.04153192788362503
HELLO,0.34721699357032776,0.5107909440994263,1.2183872399873508e-07,0.3856630325317383,0.4711238741874695,-0.010777403600513935,0.4030364751815796,0.3994036912918091,-0.011183617636561394,0.37885406613349915,0.3469480276107788,-0.011736606247723103,0.34230148792266846,0.3420059084892273,-0.012563247233629227,0.3865557014942169,0.3280872702598572,0.00280435080640018,0.3847964406013489,0.26248350739479065,-0.0034310161136090755,0.37862852215766907,0.22354957461357117,-0.012818212620913982,0.369836688041687,0.19054362177848816,-0.020819280296564102,0.3583519756793976,0.32248663902282715,-0.0006031678640283644,0.35317182540893555,0.24721476435661316,-0.004831304308027029,0.3472979664802551,0.20012634992599487,-0.015161623246967793,0.3384529948234558,0.1625746339559555,-0.024252021685242653,0.3338102698326111,0.33077195286750793,-0.0063932836055755615,0.32391810417175293,0.2614103853702545,-0.011797879822552204,0.3197724521160126,0.2166467010974884,-0.02266182005405426,0.3127640187740326,0.18199898302555084,-0.03101254813373089,0.31039997935295105,0.3510187268257141,-0.013816341757774353,0.3039613366127014,0.2937585413455963,-0.018094900995492935,0.30137017369270325,0.25680455565452576,-0.022668693214654922,0.29759377241134644,0.22585797309875488,-0.027204299345612526
HELLO,0.18962663412094116,0.5467613935470581,1.5350123305779562e-07,0.22025012969970703,0.5122288465499878,-0.012808597646653652,0.2351629137992859,0.46567827463150024,-0.016615895554423332,0.21195156872272491,0.42579513788223267,-0.019864117726683617,0.18263471126556396,0.41860902309417725,-0.023497093468904495,0.22030776739120483,0.4083193242549896,-0.002069705631583929,0.21781696379184723,0.35616815090179443,-0.0089222127571702,0.21430715918540955,0.3248365521430969,-0.017625799402594566,0.2106860727071762,0.2981049418449402,-0.024701664224267006,0.19687405228614807,0.4042160212993622,-0.0032763301860541105,0.1936597228050232,0.34754297137260437,-0.008170553483068943,0.1913774609565735,0.3116059899330139,-0.01718977838754654,0.1890609860420227,0.2829574942588806,-0.024861661717295647,0.17712751030921936,0.411304235458374,-0.006703467108309269,0.17101438343524933,0.3580535054206848,-0.01229062583297491,0.17002485692501068,0.32418328523635864,-0.020664000883698463,0.169233039021492,0.29738086462020874,-0.026897046715021133,0.1570657193660736,0.42758989334106445,-0.011760607361793518,0.15310817956924438,0.38385069370269775,-0.016026614233851433,0.15254713594913483,0.35628655552864075,-0.019097527489066124,0.1528978943824768,0.3327632546424866,-0.021988440304994583
HELLO,0.31295812129974365,0.5187589526176453,5.4360512535822636e-08,0.3475217819213867,0.49414440989494324,-0.010348075069487095,0.368320494890213,0.4441413879394531,-0.0123409079387784,0.358188658952713,0.3958185315132141,-0.014146811328828335,0.3355579376220703,0.384914755821228,-0.016353921964764595,0.35543903708457947,0.3795027434825897,-0.0011515849037095904,0.3571494519710541,0.32687196135520935,-0.007795162033289671,0.3545397222042084,0.2980099618434906,-0.016560642048716545,0.3505178987979889,0.2734198272228241,-0.023654600605368614,0.3328537344932556,0.37287092208862305,-0.0029404463712126017,0.3334674537181854,0.313090443611145,-0.007603106554597616,0.3324252963066101,0.27699634432792664,-0.016255676746368408,0.3280963599681854,0.24778954684734344,-0.023886820301413536,0.31319278478622437,0.37735098600387573,-0.006686488166451454,0.31043684482574463,0.32161515951156616,-0.01239396445453167,0.31039148569107056,0.2878589630126953,-0.020721999928355217,0.30741268396377563,0.2616235911846161,-0.027051160112023354,0.29328063130378723,0.3908390700817108,-0.011798749677836895,0.2911055386066437,0.34409308433532715,-0.016531137749552727,0.2918858528137207,0.3155806362628937,-0.02043669857084751,0.29193171858787537,0.29122328758239746,-0.024059196934103966
HELLO,0.4774549603462219,0.5016760230064392,5.261298952063953e-08,0.5118408203125,0.4840405583381653,-0.008477731607854366,0.537950336933136,0.43398529291152954,-0.009925248101353645,0.5372196435928345,0.38810989260673523,-0.011869505979120731,0.5096046328544617,0.3779790997505188,-0.014936260879039764,0.526419997215271,0.3589358329772949,-0.0004204588185530156,0.5280429124832153,0.30609941482543945,-0.006440233904868364,0.5249233245849609,0.2746695876121521,-0.015887100249528885,0.5195146799087524,0.24629244208335876,-0.024037297815084457,0.5057022571563721,0.3531515896320343,-0.004778876900672913,0.5063294768333435,0.2908255159854889,-0.00983205996453762,0.5049762725830078,0.25229406356811523,-0.019930154085159302,0.4991563558578491,0.21947786211967468,-0.028548505157232285,0.4859448969364166,0.36018839478492737,-0.010759559459984303,0.48395174741744995,0.3004768490791321,-0.017148759216070175,0.48340705037117004,0.26078885793685913,-0.027686890214681625,0.478613942861557,0.2292207032442093,-0.03564238175749779,0.4649121165275574,0.37548789381980896,-0.017904628068208694,0.464601069688797,0.32340848445892334,-0.024235770106315613,0.4649527072906494,0.290404736995697,-0.029826119542121887,0.46348896622657776,0.26186636090278625,-0.034677088260650635
HELLO,0.5750584602355957,0.5118234753608704,2.3801023374403485e-09,0.6110787391662598,0.49498841166496277,-0.005959201604127884,0.636907160282135,0.4489280879497528,-0.00702954875305295,0.6407736539840698,0.4052543640136719,-0.009244803339242935,0.621147871017456,0.3964579105377197,-0.012232380919158459,0.6283403635025024,0.3781064748764038,0.0027732255402952433,0.6339529156684875,0.332758367061615,-0.003766978159546852,0.6324582099914551,0.3056655824184418,-0.013005971908569336,0.6284720301628113,0.2808268964290619,-0.02082166261970997,0.6109559535980225,0.37025541067123413,-0.0026336065493524075,0.616001546382904,0.310688316822052,-0.008452007547020912,0.6157092452049255,0.27211058139801025,-0.01804869808256626,0.6113793253898621,0.23853425681591034,-0.026015829294919968,0.5935636162757874,0.3735405206680298,-0.009653372690081596,0.5954975485801697,0.3165452480316162,-0.01660005934536457,0.5955895781517029,0.2790554463863373,-0.025982916355133057,0.5922925472259521,0.2485293745994568,-0.03290052339434624,0.5747096538543701,0.38560470938682556,-0.017625650390982628,0.5765594244003296,0.3386037051677704,-0.023683462291955948,0.5786200761795044,0.30852842330932617,-0.028359955176711082,0.5788047313690186,0.2824536859989166,-0.032488562166690826
HELLO,0.6977385878562927,0.5376313328742981,6.142850672574696e-09,0.6638739109039307,0.5132256746292114,-0.015203757211565971,0.644677996635437,0.4637458920478821,-0.02066936157643795,0.6602675914764404,0.42162930965423584,-0.02560456469655037,0.6866515874862671,0.4160567820072174,-0.029706386849284172,0.6463786959648132,0.4033563435077667,-0.005496680270880461,0.6379260420799255,0.3481186628341675,-0.014942947775125504,0.6368883848190308,0.31300050020217896,-0.0238967202603817,0.6379755735397339,0.28409647941589355,-0.03173837810754776,0.6685940027236938,0.3948405385017395,-0.0065144202671945095,0.661070704460144,0.33479249477386475,-0.015370518900454044,0.6584393382072449,0.2947654128074646,-0.024031395092606544,0.656686544418335,0.26199012994766235,-0.030688289552927017,0.6906581521034241,0.3983627259731293,-0.010213545523583889,0.6858377456665039,0.341394305229187,-0.019989624619483948,0.6839839816093445,0.30407464504241943,-0.02889886312186718,0.6829171776771545,0.27296581864356995,-0.03502132371068001,0.7142239809036255,0.4131467342376709,-0.015736088156700134,0.7105693817138672,0.3681586682796478,-0.025492560118436813,0.7093139886856079,0.3370820879936218,-0.03162519633769989,0.7089980840682983,0.3108891248703003,-0.03585333004593849
HELLO,0.7522504329681396,0.5116738080978394,-3.4747809074531233e-09,0.72077876329422,0.4787931442260742,-0.01940138451755047,0.7015480399131775,0.4293530583381653,-0.028551457449793816,0.7157715559005737,0.3839375674724579,-0.03620302304625511,0.7447042465209961,0.3708045184612274,-0.04286172613501549,0.7069647312164307,0.3650128245353699,-0.010575632564723492,0.6978085041046143,0.3080287575721741,-0.020765962079167366,0.6948493719100952,0.2718386948108673,-0.030129218474030495,0.6941888332366943,0.24066898226737976,-0.03834892436861992,0.728899359703064,0.35630130767822266,-0.009813567623496056,0.7209444046020508,0.29258185625076294,-0.01859091781079769,0.7173330783843994,0.2522120773792267,-0.026838986203074455,0.7139522433280945,0.2197968065738678,-0.033640116453170776,0.7507195472717285,0.3604574501514435,-0.011993637308478355,0.7423799633979797,0.29989904165267944,-0.022417554631829262,0.7373082041740417,0.2625236511230469,-0.03006972372531891,0.7334927916526794,0.2303396463394165,-0.03531903401017189,0.7735267877578735,0.3766636252403259,-0.01631883718073368,0.7702420353889465,0.32691824436187744,-0.026747802272439003,0.7671043872833252,0.29594218730926514,-0.031928498297929764,0.7646620869636536,0.26709017157554626,-0.0353970006108284
HELLO,0.6396408677101135,0.4118262529373169,-5.492887922287082e-08,0.6041969060897827,0.38601401448249817,-0.015996543690562248,0.5816207528114319,0.3337706923484802,-0.022075144574046135,0.5934902429580688,0.28433090448379517,-0.028136463835835457,0.621467113494873,0.2721228003501892,-0.03299589827656746,0.5837398171424866,0.2671465277671814,-0.003431763732805848,0.5724836587905884,0.21057410538196564,-0.013316978700459003,0.5693063139915466,0.17514418065547943,-0.02291521243751049,0.5686923861503601,0.1445826143026352,-0.03128042817115784,0.6050059199333191,0.25532469153404236,-0.0045279813930392265,0.5942869782447815,0.189860999584198,-0.013254348188638687,0.5906223058700562,0.14864511787891388,-0.021438926458358765,0.5879718661308289,0.11534096300601959,-0.028237519785761833,0.6274333000183105,0.25592753291130066,-0.008768522180616856,0.621261477470398,0.19455862045288086,-0.01846904866397381,0.6187148094177246,0.15696683526039124,-0.026335585862398148,0.6163021922111511,0.1260700523853302,-0.03211444243788719,0.6520627737045288,0.2673044502735138,-0.01519563514739275,0.6469296216964722,0.2193940281867981,-0.024326656013727188,0.6440359354019165,0.18693482875823975,-0.029820352792739868,0.6413156986236572,0.1603453904390335,-0.03401662036776543
HELLO,0.5205361247062683,0.4504896402359009,3.366308476415725e-08,0.4848991930484772,0.43143850564956665,-0.014813686721026897,0.4609255790710449,0.38184571266174316,-0.021831396967172623,0.47100400924682617,0.335858553647995,-0.028470102697610855,0.49750736355781555,0.3240930438041687,-0.0342441201210022,0.463072806596756,0.31111299991607666,-0.010660083033144474,0.45437419414520264,0.2493729442358017,-0.021628430113196373,0.4520297944545746,0.21154284477233887,-0.03042151965200901,0.4523185193538666,0.1801159381866455,-0.03801117464900017,0.48450884222984314,0.30290183424949646,-0.013277806341648102,0.4756816625595093,0.23465877771377563,-0.02393934689462185,0.47310808300971985,0.19067636132240295,-0.03295082598924637,0.4723955988883972,0.1543392837047577,-0.039834074676036835,0.506870687007904,0.3066784143447876,-0.01822170615196228,0.5022323131561279,0.24267363548278809,-0.029438182711601257,0.5005947947502136,0.2018972784280777,-0.03868754953145981,0.4998938739299774,0.16768258810043335,-0.045181117951869965,0.5305899977684021,0.3203195631504059,-0.024822289124131203,0.5259813070297241,0.270519495010376,-0.03607095032930374,0.5244244933128357,0.23678520321846008,-0.04297291114926338,0.5235152244567871,0.20800259709358215,-0.04781144857406616
HELLO,0.429910272359848,0.4555785655975342,1.0707805842002927e-07,0.3885941207408905,0.43476051092147827,-0.017361335456371307,0.3610517084598541,0.3793141841888428,-0.02365611493587494,0.3728121817111969,0.3317745327949524,-0.028864361345767975,0.4002187252044678,0.322367787361145,-0.033164724707603455,0.3683549165725708,0.3109373152256012,-0.00812466349452734,0.3614971935749054,0.25015896558761597,-0.017261570319533348,0.36063843965530396,0.21301010251045227,-0.025384660810232162,0.3624374568462372,0.18229305744171143,-0.03271229565143585,0.3895946741104126,0.304210901260376,-0.009003651328384876,0.3816145360469818,0.23630881309509277,-0.017948735505342484,0.37926608324050903,0.19215945899486542,-0.026080895215272903,0.37923723459243774,0.15567612648010254,-0.03222711756825447,0.4118083119392395,0.3093689978122711,-0.01292587909847498,0.4074315130710602,0.24509593844413757,-0.02391762100160122,0.4061860740184784,0.20251807570457458,-0.03346806392073631,0.4066612720489502,0.16602879762649536,-0.039715126156806946,0.4366612732410431,0.32570332288742065,-0.01879768818616867,0.43220630288124084,0.27433881163597107,-0.030624667182564735,0.4317002594470978,0.2404237985610962,-0.03806376829743385,0.4329172968864441,0.20927521586418152,-0.04298245161771774
HELLO,0.31667274236679077,0.4600762128829956,2.1031173957908322e-07,0.2792428135871887,0.45363426208496094,-0.01603718288242817,0.2492305040359497,0.40967729687690735,-0.02480364218354225,0.2552522122859955,0.3654148280620575,-0.03255651146173477,0.2792964279651642,0.3480277955532074,-0.03974340856075287,0.2455091029405594,0.33386167883872986,-0.016330797225236893,0.2328915297985077,0.2715519070625305,-0.029693877324461937,0.2292429655790329,0.23193100094795227,-0.03999019041657448,0.22944511473178864,0.19888243079185486,-0.04784104973077774,0.26638123393058777,0.3241323232650757,-0.01889895088970661,0.25278228521347046,0.254633367061615,-0.030607817694544792,0.24766135215759277,0.2080821543931961,-0.03955043852329254,0.2456904500722885,0.16899973154067993,-0.04579528793692589,0.2890554368495941,0.3272046148777008,-0.02372577413916588,0.2803620994091034,0.26150375604629517,-0.035225581377744675,0.2768360674381256,0.21880166232585907,-0.04382389783859253,0.2753908038139343,0.18217433989048004,-0.0495712012052536,0.3134828209877014,0.3409191071987152,-0.030237220227718353,0.3063308894634247,0.290482759475708,-0.04167480394244194,0.30277591943740845,0.2572743892669678,-0.0474773645401001,0.3009595274925232,0.22711294889450073,-0.051093582063913345
HELLO,0.16181983053684235,0.5387647151947021,2.0998992056320276e-07,0.2018260359764099,0.5191819071769714,-0.015687359496951103,0.2237916737794876,0.46774718165397644,-0.020554564893245697,0.2056991010904312,0.42433398962020874,-0.02440590038895607,0.1749628633260727,0.40982258319854736,-0.029025699943304062,0.2313155084848404,0.40318140387535095,-0.011656501330435276,0.24241621792316437,0.33834773302078247,-0.021459195762872696,0.24658219516277313,0.2975808382034302,-0.0313386395573616,0.24863727390766144,0.26243430376052856,-0.03916569799184799,0.2066977173089981,0.3876711130142212,-0.013531435281038284,0.2192825973033905,0.3194648325443268,-0.020961133763194084,0.22627271711826324,0.2713581621646881,-0.031076323240995407,0.23104631900787354,0.2319740653038025,-0.03887704014778137,0.18057483434677124,0.38804808259010315,-0.017374392598867416,0.19174644351005554,0.32282453775405884,-0.025037802755832672,0.1993945986032486,0.2832324802875519,-0.0348539836704731,0.20522060990333557,0.24962007999420166,-0.04158736392855644,0.15176922082901,0.4009031057357788,-0.02293289452791214,0.16015438735485077,0.3521580994129181,-0.029894722625613213,0.16710466146469116,0.3231675922870636,-0.033646322786808014,0.17322415113449097,0.2987155318260193,-0.03630439564585686
HELLO,0.2678496539592743,0.41467881202697754,2.391102498222608e-07,0.31341663002967834,0.393726646900177,-0.016788732260465622,0.3402334451675415,0.3406573235988617,-0.021298639476299286,0.32492685317993164,0.2913714647293091,-0.024879874661564827,0.29572242498397827,0.26830780506134033,-0.028735466301441193,0.347782701253891,0.2653362452983856,-0.006587548181414604,0.3604607880115509,0.1981460005044937,-0.015772735700011253,0.3660948872566223,0.1555105745792389,-0.026080498471856117,0.3694877624511719,0.11831887066364288,-0.03433207795023918,0.32201117277145386,0.24840183556079865,-0.008304937742650509,0.3360004127025604,0.1738530993461609,-0.015137545764446259,0.34456801414489746,0.12362992763519287,-0.02542269229888916,0.35018065571784973,0.08283659815788269,-0.033469799906015396,0.2944530248641968,0.24715639650821686,-0.012758166529238224,0.30775222182273865,0.1784665435552597,-0.021179217845201492,0.31583672761917114,0.13681557774543762,-0.031685467809438705,0.3213544189929962,0.10132002830505371,-0.03863116726279259,0.2645891308784485,0.25858238339424133,-0.019172977656126022,0.2758820652961731,0.20884843170642853,-0.02668336033821106,0.28211739659309387,0.17897674441337585,-0.030852852389216423,0.2861246168613434,0.15282070636749268,-0.03377572447061539
HELLO,0.4071477949619293,0.4722353219985962,1.863135850044273e-07,0.4463586211204529,0.44909751415252686,-0.012296320870518684,0.4681720733642578,0.39482581615448,-0.016108501702547073,0.45601779222488403,0.34981343150138855,-0.01971273683011532,0.42873549461364746,0.3286231756210327,-0.02436949871480465,0.46584010124206543,0.3215872049331665,-0.008540436625480652,0.47190243005752563,0.2592494487762451,-0.01944464072585106,0.47285452485084534,0.21880275011062622,-0.0300974790006876,0.47135886549949646,0.18324606120586395,-0.03804842755198479,0.4424220621585846,0.3106546998023987,-0.012494886294007301,0.4478360712528229,0.23342983424663544,-0.02156117372214794,0.4510200023651123,0.1822105497121811,-0.032257623970508575,0.45133495330810547,0.1412586122751236,-0.04015582799911499,0.4176695942878723,0.31540384888648987,-0.018283182755112648,0.422826886177063,0.24505352973937988,-0.02859918214380741,0.4253358840942383,0.20015200972557068,-0.03894820809364319,0.42597973346710205,0.16343551874160767,-0.04541611671447754,0.39188075065612793,0.3329009711742401,-0.02524893917143345,0.3973613977432251,0.2806265950202942,-0.03408868983387947,0.3999638855457306,0.24919843673706055,-0.03804640471935272,0.4003918170928955,0.2220233827829361,-0.04047003388404846
HELLO,0.6047918796539307,0.4701743721961975,3.565688899698216e-08,0.646790087223053,0.44920775294303894,-0.010004687123000622,0.6750640869140625,0.39906811714172363,-0.014176429249346256,0.6643668413162231,0.3517719805240631,-0.018963279202580452,0.6344014406204224,0.33547845482826233,-0.02493983693420887,0.6698228120803833,0.3098374307155609,-0.005806848406791687,0.6777722239494324,0.24453818798065186,-0.01682211458683014,0.677016019821167,0.20669840276241302,-0.029200363904237747,0.6738797426223755,0.17130081355571747,-0.03876015916466713,0.6482774019241333,0.30212196707725525,-0.011618820019066334,0.6578010320663452,0.22521939873695374,-0.0186470877379179,0.661464512348175,0.17803449928760529,-0.029756398871541023,0.6602025032043457,0.1380765736103058,-0.03950538858771324,0.6267016530036926,0.31030556559562683,-0.01928604021668434,0.6298192739486694,0.24033161997795105,-0.026881208643317223,0.6324540972709656,0.19666968286037445,-0.03748330846428871,0.6314642429351807,0.16109080612659454,-0.04567961394786835,0.6041172742843628,0.33070865273475647,-0.028365861624479294,0.6037362217903137,0.2734836935997009,-0.034318748861551285,0.6036214828491211,0.23871032893657684,-0.038096342235803604,0.6011700630187988,0.2084304690361023,-0.041857924312353134
HELLO,0.833543062210083,0.4971325397491455,3.173924056909527e-08,0.8070020079612732,0.4524081349372864,-0.028000561520457268,0.7993492484092712,0.3904394209384918,-0.037514761090278625,0.8268564939498901,0.34290388226509094,-0.044153641909360886,0.861171305179596,0.33148816227912903,-0.04865682125091553,0.792644202709198,0.30910524725914,-0.013453328050673008,0.7887073159217834,0.23114702105522156,-0.02607128955423832,0.788751482963562,0.18353065848350525,-0.037583690136671066,0.7884608507156372,0.14294661581516266,-0.04709388688206673,0.8196412920951843,0.30208635330200195,-0.008721140213310719,0.8134626746177673,0.21919377148151398,-0.020033996552228928,0.8113188743591309,0.1650395542383194,-0.030421998351812363,0.8081038594245911,0.11857520043849945,-0.038313575088977814,0.8455179333686829,0.3109254837036133,-0.00789821520447731,0.8406080603599548,0.2359117567539215,-0.020200790837407112,0.8374652862548828,0.18793198466300964,-0.029632670804858208,0.8336098790168762,0.14416010677814484,-0.03593976050615311,0.8717972040176392,0.3329983055591583,-0.010189469903707504,0.8712380528450012,0.27743202447891235,-0.0207713283598423,0.869170606136322,0.2392897754907608,-0.026213975623250008,0.8670636415481567,0.20520401000976562,-0.029800213873386383
HELLO,0.6140997409820557,0.48479923605918884,1.8288502934282747e-09,0.58064204454422,0.4496779143810272,-0.02286316640675068,0.5617460608482361,0.38798052072525024,-0.03423815593123436,0.5847594141960144,0.343813955783844,-0.04443755000829697,0.6182846426963806,0.32979831099510193,-0.053761620074510574,0.5666994452476501,0.2967747747898102,-0.020059354603290558,0.5594573616981506,0.21648943424224854,-0.03740451857447624,0.5575360059738159,0.16589201986789703,-0.050663694739341736,0.557673990726471,0.12287387251853943,-0.061458952724933624,0.5954412221908569,0.292098730802536,-0.021301280707120895,0.5869167447090149,0.20069384574890137,-0.037607137113809586,0.5834022164344788,0.14170926809310913,-0.049874939024448395,0.581928551197052,0.09010834991931915,-0.058990757912397385,0.6229952573776245,0.3037360608577728,-0.02558315545320511,0.6138341426849365,0.2204088568687439,-0.04261535406112671,0.6083512306213379,0.16696089506149292,-0.053809504956007004,0.605172872543335,0.1186741441488266,-0.06124774366617203,0.651004433631897,0.3304956257343292,-0.032210107892751694,0.6431803107261658,0.26929572224617004,-0.04811597988009453,0.6383906006813049,0.22775274515151978,-0.05613124370574951,0.6358086466789246,0.19052717089653015,-0.06137380003929138
HELLO,0.4509570002555847,0.48717477917671204,2.6376793016424926e-07,0.41103625297546387,0.47078871726989746,-0.01976506970822811,0.3805163502693176,0.41070806980133057,-0.03180308640003204,0.3943559527397156,0.36310282349586487,-0.04271821305155754,0.42701467871665955,0.35383811593055725,-0.05342249944806099,0.37864425778388977,0.3181644380092621,-0.024477723985910416,0.3698291480541229,0.23463499546051025,-0.042908236384391785,0.36494138836860657,0.17898763716220856,-0.05639685317873955,0.36226996779441833,0.13410945236682892,-0.06686503440141678,0.40371862053871155,0.31255051493644714,-0.028885066509246826,0.3910753130912781,0.2227725088596344,-0.046964794397354126,0.3862565755844116,0.1598045527935028,-0.06115954369306564,0.3837818503379822,0.10543236136436462,-0.07055103778839111,0.4299811124801636,0.3214814364910126,-0.035389482975006104,0.41995495557785034,0.23799484968185425,-0.05283530801534653,0.41577816009521484,0.18085956573486328,-0.06577087938785553,0.41326916217803955,0.13083572685718536,-0.07386050373315811,0.459047794342041,0.3432111144065857,-0.04366614297032356,0.45064860582351685,0.28003954887390137,-0.060483772307634354,0.4463726282119751,0.23639842867851257,-0.06882508099079132,0.4449473023414612,0.1966799795627594,-0.07351569831371307
HELLO,0.35245853662490845,0.45563116669654846,3.922832547686994e-07,0.31420356035232544,0.4513959288597107,-0.01715843938291073,0.2795238792896271,0.3959618806838989,-0.027479199692606926,0.2894304394721985,0.34771138429641724,-0.036403294652700424,0.3265216052532196,0.33800458908081055,-0.04543594270944595,0.2853292226791382,0.30280861258506775,-0.020069831982254982,0.276980459690094,0.23496918380260468,-0.03444208204746246,0.2722928524017334,0.18774811923503876,-0.04712708666920662,0.2682420611381531,0.14735253155231476,-0.057475101202726364,0.3110411465167999,0.2941107749938965,-0.02471020072698593,0.3015355169773102,0.22116801142692566,-0.03790617734193802,0.2959681749343872,0.1674254685640335,-0.050230059772729874,0.2903439998626709,0.11976750195026398,-0.05844573676586151,0.33662497997283936,0.3024945557117462,-0.03108850121498108,0.32566994428634644,0.2318645566701889,-0.045208271592855453,0.3185960054397583,0.17683346569538116,-0.05712692812085152,0.3135209381580353,0.12683577835559845,-0.06459487974643707,0.3614920973777771,0.3256644606590271,-0.039040692150592804,0.3523874580860138,0.26538869738578796,-0.053404975682497025,0.34809204936027527,0.22217343747615814,-0.06023763492703438,0.3467802405357361,0.18187187612056732,-0.06390462815761566
HELLO,0.3534119725227356,0.468097448348999,2.7055861551161797e-07,0.31109127402305603,0.4518037438392639,-0.016107521951198578,0.27752453088760376,0.39282816648483276,-0.025627007707953453,0.28264081478118896,0.3433574438095093,-0.03516305610537529,0.3128834068775177,0.32673630118370056,-0.04412781447172165,0.28123539686203003,0.2981233596801758,-0.015301619656383991,0.27347034215927124,0.2228371649980545,-0.031056994572281837,0.27025526762008667,0.17490047216415405,-0.04358185827732086,0.27014458179473877,0.1332865208387375,-0.053710781037807465,0.30011066794395447,0.2924897372722626,-0.02066946215927601,0.28671151399612427,0.20942983031272888,-0.03601517528295517,0.2833111584186554,0.15171095728874207,-0.047846268862485886,0.28347834944725037,0.09949883818626404,-0.055981434881687164,0.32176467776298523,0.301146537065506,-0.028604574501514435,0.31147462129592896,0.22231416404247284,-0.043932486325502396,0.30903360247612,0.1714567244052887,-0.05442390590906143,0.30865365266799927,0.1249651163816452,-0.061286069452762604,0.34674274921417236,0.32125645875930786,-0.03849323093891144,0.33801206946372986,0.26255470514297485,-0.052931733429431915,0.33456963300704956,0.2236078977584839,-0.06014111265540123,0.33380982279777527,0.18633487820625305,-0.06479962170124054
HELLO,0.34158992767333984,0.6685333251953125,2.0818094981223112e-07,0.39326369762420654,0.6226258277893066,-0.016757717356085777,0.4236416816711426,0.5516061782836914,-0.023995811119675636,0.3962610065937042,0.5013734102249146,-0.031936164945364,0.35186395049095154,0.5004145503044128,-0.04114712402224541,0.40300971269607544,0.4322992265224457,-0.005361881572753191,0.4059617817401886,0.34790000319480896,-0.017549870535731316,0.40557512640953064,0.2977917492389679,-0.032649699598550797,0.4056656062602997,0.25212639570236206,-0.0456865169107914,0.36979010701179504,0.4269925355911255,-0.012038934975862503,0.3749149739742279,0.3340362012386322,-0.021494422107934952,0.3780859112739563,0.2744985520839691,-0.03673776239156723,0.3788834512233734,0.22304198145866394,-0.050145186483860016,0.3395844101905823,0.440297931432724,-0.02173656038939953,0.34127581119537354,0.35053059458732605,-0.0321616493165493,0.3442901074886322,0.29582786560058594,-0.0458647795021534,0.34494319558143616,0.24879859387874603,-0.05632023513317108,0.3093629479408264,0.4694223999977112,-0.033917684108018875,0.3115520477294922,0.39730289578437805,-0.04251057654619217,0.3148079812526703,0.35167747735977173,-0.04838097095489502,0.3167707324028015,0.3096775412559509,-0.05398400127887726
HELLO,0.5930523872375488,0.6578865051269531,2.5183572915921104e-07,0.6364215612411499,0.6249147057533264,-0.01221224945038557,0.6652699708938599,0.5700353384017944,-0.01907387189567089,0.6518495678901672,0.531347393989563,-0.027021843940019608,0.6119389533996582,0.527306318283081,-0.03706398233771324,0.6417988538742065,0.45800331234931946,-0.01123250462114811,0.6417981386184692,0.38411033153533936,-0.024551019072532654,0.6449439525604248,0.3366910219192505,-0.03795638307929039,0.648135244846344,0.29454535245895386,-0.049265917390584946,0.6148527264595032,0.45850858092308044,-0.020021969452500343,0.6157106757164001,0.3722805976867676,-0.03221092373132706,0.6213239431381226,0.3159889876842499,-0.046770136803388596,0.626325249671936,0.26835381984710693,-0.05889905244112015,0.5896895527839661,0.4755561947822571,-0.03063637763261795,0.5882742404937744,0.3947347104549408,-0.04359212517738342,0.5908536314964294,0.34333378076553345,-0.05664418265223503,0.5937458872795105,0.30064839124679565,-0.06603968143463135,0.5638540387153625,0.5058223009109497,-0.04288163781166077,0.5623371005058289,0.4418385326862335,-0.054741326719522476,0.5656550526618958,0.39979836344718933,-0.06194709986448288,0.5693063735961914,0.3615833520889282,-0.06773317605257034
HELLO,0.7353208661079407,0.5289879441261292,4.3875484578848045e-08,0.7966891527175903,0.49678704142570496,0.0021453096996992826,0.8310843110084534,0.45723453164100647,-0.000929769070353359,0.8492205142974854,0.41730231046676636,-0.005090110935270786,0.8254397511482239,0.4059050679206848,-0.010074794292449951,0.8209967017173767,0.355154812335968,-0.017767278477549553,0.8380647897720337,0.2674272954463959,-0.03275248780846596,0.8464692234992981,0.21270988881587982,-0.0436103381216526,0.8531093597412109,0.16722378134727478,-0.052759602665901184,0.7992348670959473,0.3533834218978882,-0.029708174988627434,0.8151648044586182,0.24924075603485107,-0.0558142326772213,0.8241515755653381,0.18789318203926086,-0.07408124953508377,0.833859920501709,0.13576163351535797,-0.0863577276468277,0.7702036499977112,0.36480090022087097,-0.038883667439222336,0.7830643057823181,0.27139347791671753,-0.05932516232132912,0.7915006279945374,0.2087983936071396,-0.06364265829324722,0.8003182411193848,0.16365762054920197,-0.0641755610704422,0.7435232400894165,0.3982391059398651,-0.04744087904691696,0.7560098171234131,0.3180486857891083,-0.061670392751693726,0.7635977268218994,0.2736063003540039,-0.062011878937482834,0.7669631242752075,0.23720431327819824,-0.06080634891986847
HELLO,0.910213828086853,0.663162112236023,5.8751641773824304e-08,0.8704849481582642,0.6341646909713745,-0.026990287005901337,0.848956286907196,0.5716808438301086,-0.04041365161538124,0.8782994151115417,0.5342890024185181,-0.051908522844314575,0.9143439531326294,0.5332900881767273,-0.06258033215999603,0.8697322607040405,0.4740055799484253,-0.021674569696187973,0.8691965341567993,0.4001125693321228,-0.03980623558163643,0.872974157333374,0.35140055418014526,-0.05481250211596489,0.8777201175689697,0.31134286522865295,-0.0671629086136818,0.9037143588066101,0.47166165709495544,-0.02192980982363224,0.9027200937271118,0.3880046606063843,-0.039276108145713806,0.9027462601661682,0.333624005317688,-0.053285058587789536,0.9037870764732361,0.2859516441822052,-0.06379496306180954,0.9333664178848267,0.48488569259643555,-0.025922568514943123,0.9325157999992371,0.4044930040836334,-0.04423997551202774,0.9312325119972229,0.3508714437484741,-0.05824914574623108,0.9310325980186462,0.3025837540626526,-0.06749442964792252,0.9629345536231995,0.5132718682289124,-0.03261331841349602,0.9668154716491699,0.44937261939048767,-0.050042811781167984,0.9682795405387878,0.40620145201683044,-0.060571495443582535,0.9700105786323547,0.3657165765762329,-0.06771130859851837
HELLO,0.8009742498397827,0.6383646726608276,1.6529052970781777e-07,0.7605451345443726,0.6172215938568115,-0.02429991029202938,0.7326546311378479,0.5641431212425232,-0.040491845458745956,0.7494681477546692,0.5223335027694702,-0.05508895590901375,0.7795870900154114,0.5081351399421692,-0.06967278569936752,0.7526561617851257,0.46464651823043823,-0.030743753537535667,0.7549190521240234,0.3885924220085144,-0.050411440432071686,0.7566813230514526,0.3412426710128784,-0.06531684845685959,0.7592989802360535,0.3004567623138428,-0.07722263038158417,0.7825014591217041,0.4618140757083893,-0.033383890986442566,0.7831668853759766,0.37720394134521484,-0.05181139335036278,0.7839059829711914,0.32314151525497437,-0.06617594510316849,0.7842570543289185,0.2750912606716156,-0.07708655297756195,0.8106405735015869,0.4750725328922272,-0.038579061627388,0.8115066885948181,0.3936145305633545,-0.055765002965927124,0.8126744627952576,0.34452298283576965,-0.0677654817700386,0.8129351139068604,0.30133435130119324,-0.07639867067337036,0.8402012586593628,0.5007267594337463,-0.046054694801568985,0.8448330163955688,0.4368995428085327,-0.06192052736878395,0.8468773365020752,0.39559370279312134,-0.07078628242015839,0.847978413105011,0.358454167842865,-0.07708467543125153
HELLO,0.6634976863861084,0.5579829216003418,2.2063635185531894e-07,0.6251696348190308,0.5426732897758484,-0.02150682732462883,0.5948784947395325,0.49909746646881104,-0.036485034972429276,0.6004376411437988,0.4626203775405884,-0.050105560570955276,0.6264539361000061,0.4465453028678894,-0.06355467438697815,0.6061064004898071,0.40972861647605896,-0.026101797819137573,0.6030468940734863,0.3381935954093933,-0.04484943673014641,0.6004928350448608,0.2937069535255432,-0.05879925936460495,0.5990922451019287,0.2557668685913086,-0.06932432949542999,0.6327083706855774,0.40577447414398193,-0.02859882265329361,0.6267691254615784,0.32846418023109436,-0.046637486666440964,0.6217548847198486,0.27659887075424194,-0.06078631803393364,0.6171116232872009,0.230762779712677,-0.07064751535654068,0.6591144800186157,0.41485393047332764,-0.03342610225081444,0.6553009152412415,0.3407905697822571,-0.050761107355356216,0.6519020795822144,0.29271137714385986,-0.0629892498254776,0.648689866065979,0.2489210069179535,-0.07081600278615952,0.6874606013298035,0.43514713644981384,-0.04000534489750862,0.6869902014732361,0.378521203994751,-0.0563180111348629,0.6848801374435425,0.34013956785202026,-0.06477408856153488,0.6824890375137329,0.3041412830352783,-0.06986567378044128
HELLO,0.5315510034561157,0.5552034974098206,2.1681080397684127e-07,0.4971572756767273,0.5452097654342651,-0.013970106840133667,0.46944189071655273,0.5100781917572021,-0.02492145448923111,0.457394003868103,0.4785776138305664,-0.03590984269976616,0.46432116627693176,0.46017012000083923,-0.04718395322561264,0.467994749546051,0.42382434010505676,-0.017390845343470573,0.45793336629867554,0.36470842361450195,-0.03361235558986664,0.44898441433906555,0.3272601068019867,-0.046442911028862,0.44126564264297485,0.29428303241729736,-0.05596001446247101,0.48331451416015625,0.42112892866134644,-0.02239762805402279,0.46860837936401367,0.357208788394928,-0.03805921599268913,0.4572867453098297,0.31276482343673706,-0.05048602819442749,0.4474203586578369,0.2713436782360077,-0.05886852368712425,0.5025622248649597,0.428282767534256,-0.02927994169294834,0.48925453424453735,0.36402320861816406,-0.04401614889502525,0.4799140393733978,0.3211335241794586,-0.05405429005622864,0.4713045358657837,0.28159087896347046,-0.06025615334510803,0.5249720811843872,0.44434523582458496,-0.03753049671649933,0.5146355628967285,0.39210253953933716,-0.05105113238096237,0.5065534114837646,0.35743433237075806,-0.05788343772292137,0.49937477707862854,0.32426294684410095,-0.06187755614519119
HELLO,0.7599085569381714,0.7842494249343872,1.6319889084570605e-07,0.7196505069732666,0.7570201754570007,-0.02185666561126709,0.6912383437156677,0.7057194709777832,-0.03786925598978996,0.706165075302124,0.6707576513290405,-0.05259448662400246,0.7360946536064148,0.6652548909187317,-0.06728997826576233,0.7130152583122253,0.6082120537757874,-0.029722537845373154,0.7165708541870117,0.532164454460144,-0.04833930358290672,0.7197913527488708,0.48717600107192993,-0.062276508659124374,0.7239220142364502,0.44694992899894714,-0.07378034293651581,0.7433032393455505,0.6095354557037354,-0.03370170667767525,0.7444860339164734,0.5258672833442688,-0.05102797970175743,0.7459670901298523,0.4745793342590332,-0.06375806778669357,0.7474488019943237,0.4272732138633728,-0.0737302228808403,0.7716894149780273,0.6271654963493347,-0.04001951962709427,0.7740126252174377,0.5467998385429382,-0.056583698838949203,0.7763410210609436,0.4985145926475525,-0.06693146377801895,0.777684211730957,0.45397526025772095,-0.07453799992799759,0.8011260032653809,0.6581268310546875,-0.04843559116125107,0.8065268397331238,0.5958810448646545,-0.06475584208965302,0.8090869188308716,0.5559878945350647,-0.07267346978187561,0.8110135793685913,0.5188428163528442,-0.07814712077379227
OK,0.5907909274101257,0.6270020008087158,-5.945481262870089e-08,0.5474215745925903,0.6081646680831909,-0.012398798018693924,0.5069901347160339,0.5806137919425964,-0.028384605422616005,0.4766196012496948,0.5607967376708984,-0.04608827456831932,0.459890216588974,0.5337117314338684,-0.06348402053117752,0.5275542736053467,0.4830109179019928,-0.017588771879673004,0.4956859350204468,0.45242398977279663,-0.04876121133565903,0.47446948289871216,0.4739171862602234,-0.07409154623746872,0.4618792235851288,0.5012238621711731,-0.08761485666036606,0.5476642847061157,0.46285831928253174,-0.025524195283651352,0.5304131507873535,0.38717177510261536,-0.04569435492157936,0.5176881551742554,0.3412353992462158,-0.05994410440325737,0.5054991841316223,0.30120372772216797,-0.0697501078248024,0.5730194449424744,0.4635480046272278,-0.03696600720286369,0.5706740021705627,0.3876088857650757,-0.054823219776153564,0.5697975754737854,0.3402513265609741,-0.06604354828596115,0.5672394037246704,0.29598504304885864,-0.07303176820278168,0.5987129211425781,0.4825327694416046,-0.04950064793229103,0.6136723756790161,0.42655521631240845,-0.05929965525865555,0.6223836541175842,0.38998180627822876,-0.06080977991223335,0.6277739405632019,0.35449984669685364,-0.06167307496070862
OK,0.696759045124054,0.5929192900657654,-3.8219603482048115e-08,0.6533165574073792,0.5791553258895874,-0.014400445856153965,0.6140182018280029,0.5503306984901428,-0.03011549636721611,0.5837838649749756,0.5281168818473816,-0.04755539819598198,0.5753382444381714,0.501685380935669,-0.06383326649665833,0.6302104592323303,0.4527125358581543,-0.015117783099412918,0.5956659913063049,0.4275834560394287,-0.04640141502022743,0.583526611328125,0.45610401034355164,-0.07145937532186508,0.5808433890342712,0.491047203540802,-0.08432786911725998,0.6523227691650391,0.4289415776729584,-0.021898455917835236,0.6297977566719055,0.35521000623703003,-0.04104964807629585,0.616373598575592,0.30833297967910767,-0.05582324415445328,0.6049401760101318,0.2697470784187317,-0.06606922298669815,0.6806390881538391,0.4265502989292145,-0.03266653046011925,0.6709546446800232,0.35385385155677795,-0.05018668621778488,0.6653362512588501,0.30825456976890564,-0.061770886182785034,0.6600980758666992,0.2681514322757721,-0.06887824833393097,0.7108931541442871,0.44167274236679077,-0.04489567130804062,0.7239828109741211,0.38575220108032227,-0.05404215678572655,0.7302582263946533,0.34894323348999023,-0.055992625653743744,0.7335749864578247,0.3135150671005249,-0.0572490394115448
OK,0.7701994776725769,0.5605840682983398,1.2834070695078026e-08,0.7272539734840393,0.5512014627456665,-0.018424423411488533,0.6864672303199768,0.5235379934310913,-0.035139910876750946,0.6623521447181702,0.4987013041973114,-0.053010955452919006,0.6716099977493286,0.47139668464660645,-0.068381667137146,0.6994566917419434,0.4264962673187256,-0.013734262436628342,0.6805739402770996,0.38940635323524475,-0.046851128339767456,0.6802346110343933,0.42073550820350647,-0.0727723017334938,0.6855595111846924,0.45815175771713257,-0.08566106110811234,0.7260010242462158,0.40232840180397034,-0.01796359196305275,0.7098107933998108,0.33102619647979736,-0.03678241744637489,0.699683427810669,0.2843838334083557,-0.05182035639882088,0.6908496618270874,0.24392662942409515,-0.06240227073431015,0.7575435042381287,0.39916303753852844,-0.027335934340953827,0.7489030957221985,0.3279581367969513,-0.045455899089574814,0.7440716624259949,0.2838380038738251,-0.0575486496090889,0.7392690777778625,0.24652303755283356,-0.06468015164136887,0.7903479337692261,0.41336652636528015,-0.038586825132369995,0.8040980100631714,0.3591581881046295,-0.04814325273036957,0.8113162517547607,0.32556605339050293,-0.05094441398978233,0.8155372142791748,0.2947557866573334,-0.05265636742115021
OK,0.399086058139801,0.6352391839027405,5.664785618364476e-08,0.3647363781929016,0.6263548135757446,-0.009762409143149853,0.33338505029678345,0.6076375842094421,-0.023919768631458282,0.30697134137153625,0.5956350564956665,-0.03954671695828438,0.2872755825519562,0.5809937119483948,-0.05545053258538246,0.3478289842605591,0.5257906913757324,-0.017414715141057968,0.31682103872299194,0.5120976567268372,-0.03908904269337654,0.3002180755138397,0.5327738523483276,-0.057868439704179764,0.29099681973457336,0.5542081594467163,-0.06830207258462906,0.362532377243042,0.5098440051078796,-0.023741774260997772,0.34189608693122864,0.4539061188697815,-0.03900759667158127,0.3283712565898895,0.41380882263183594,-0.052402473986148834,0.3172766864299774,0.37923672795295715,-0.06235450506210327,0.3819325864315033,0.5114123225212097,-0.031688958406448364,0.37908658385276794,0.4482874870300293,-0.046173810958862305,0.37593281269073486,0.4045444428920746,-0.059413958340883255,0.3713223934173584,0.3671238422393799,-0.0686161145567894,0.4015692174434662,0.5257906317710876,-0.039946481585502625,0.41801053285598755,0.4826448857784271,-0.04819557070732117,0.42515459656715393,0.45315974950790405,-0.05160701274871826,0.4288630783557892,0.4247715175151825,-0.054628949612379074
OK,0.21590152382850647,0.6557086706161499,2.529356493141677e-07,0.26095256209373474,0.6310392618179321,-0.008682806976139545,0.2987227737903595,0.5944186449050903,-0.014285000041127205,0.3269982933998108,0.5689188241958618,-0.02165965735912323,0.3465939462184906,0.5425500869750977,-0.029203137382864952,0.2729637920856476,0.5139023661613464,-0.013688364997506142,0.304281085729599,0.4846412241458893,-0.03217442333698273,0.32395225763320923,0.505910336971283,-0.04741178825497627,0.3373035490512848,0.5318207740783691,-0.05661069229245186,0.2509433627128601,0.4941965341567993,-0.02202669158577919,0.2644904851913452,0.4192526340484619,-0.0331827774643898,0.2760362923145294,0.37230080366134644,-0.0461173839867115,0.2806090712547302,0.3344533443450928,-0.05715230107307434,0.22606384754180908,0.4948667585849762,-0.03243326023221016,0.21974016726016998,0.4223747253417969,-0.044867534190416336,0.21899351477622986,0.37528377771377563,-0.058120813220739365,0.21632707118988037,0.3393961787223816,-0.06861171126365662,0.20136740803718567,0.5141623616218567,-0.04380083084106445,0.17570334672927856,0.4650617241859436,-0.05528165400028229,0.16105258464813232,0.4303531348705292,-0.06132666394114494,0.14859025180339813,0.40065938234329224,-0.06602943688631058
OK,0.08631891012191772,0.6640846729278564,3.196093700807978e-07,0.13746440410614014,0.6421917676925659,-0.012519137002527714,0.1827428638935089,0.6011978983879089,-0.017017245292663574,0.21603333950042725,0.5702229738235474,-0.02314373292028904,0.23322641849517822,0.532376229763031,-0.028854047879576683,0.16311131417751312,0.5125335454940796,-0.006009106524288654,0.19409716129302979,0.47194233536720276,-0.024458393454551697,0.21109604835510254,0.48984068632125854,-0.039649639278650284,0.2192009687423706,0.519477367401123,-0.047655023634433746,0.13794851303100586,0.4880807399749756,-0.012034900486469269,0.15765802562236786,0.4104076623916626,-0.018960710614919662,0.17225559055805206,0.36082613468170166,-0.02920600026845932,0.18074360489845276,0.3209177851676941,-0.038084112107753754,0.10869784653186798,0.48523956537246704,-0.02172090858221054,0.11260369420051575,0.41446226835250854,-0.030841639265418053,0.11921140551567078,0.36566978693008423,-0.04222660884261131,0.12333328276872635,0.3276275396347046,-0.05163325369358063,0.07819392532110214,0.5023291707038879,-0.03328792005777359,0.058790601789951324,0.45680928230285645,-0.04366545379161835,0.04749876260757446,0.4223029613494873,-0.049094460904598236,0.03832247853279114,0.391490638256073,-0.05294313281774521
OK,0.10600893199443817,0.6496213674545288,4.3934318227911717e-07,0.1678861528635025,0.6179645657539368,-0.013227231800556183,0.22466471791267395,0.5654309391975403,-0.020626544952392578,0.2690924108028412,0.5309240221977234,-0.03044135868549347,0.29678916931152344,0.49297624826431274,-0.03982939198613167,0.19166943430900574,0.4537505507469177,-0.011073482222855091,0.23386600613594055,0.4122156500816345,-0.0338016003370285,0.2613265812397003,0.4379906952381134,-0.05185045301914215,0.2786765992641449,0.4738207757472992,-0.06219078600406647,0.16254927217960358,0.42421895265579224,-0.02116584964096546,0.18403121829032898,0.3242740035057068,-0.0316072516143322,0.20214655995368958,0.2606176733970642,-0.04412500932812691,0.21101568639278412,0.20884403586387634,-0.05500423163175583,0.12893080711364746,0.4227507710456848,-0.03523672744631767,0.12788045406341553,0.3227689862251282,-0.04804868623614311,0.13276439905166626,0.25559115409851074,-0.061919040977954865,0.1340937316417694,0.20321106910705566,-0.07358208298683167,0.09456729888916016,0.4474673569202423,-0.051298826932907104,0.06629408895969391,0.38279545307159424,-0.0667223408818245,0.049363911151885986,0.3351373076438904,-0.07455652207136154,0.03558242321014404,0.2933124303817749,-0.07998152077198029
OK,0.3711526095867157,0.5493841171264648,3.645787955974811e-07,0.41560667753219604,0.5382281541824341,-0.012398951686918736,0.4651683270931244,0.5059151649475098,-0.01604888215661049,0.5017286539077759,0.48115044832229614,-0.0196317620575428,0.5252480506896973,0.4644714295864105,-0.0234068650752306,0.4433949291706085,0.4248110055923462,-0.008929350413382053,0.4760531783103943,0.4104592204093933,-0.021786782890558243,0.5005760788917542,0.42848873138427734,-0.035192716866731644,0.5201594829559326,0.45038145780563354,-0.04495702311396599,0.42774808406829834,0.4053073227405548,-0.011608927510678768,0.4402417838573456,0.3368664085865021,-0.017078323289752007,0.4549104869365692,0.2913075089454651,-0.028355397284030914,0.46327877044677734,0.25321531295776367,-0.03943933919072151,0.40887919068336487,0.40433165431022644,-0.016399607062339783,0.4073789119720459,0.33616068959236145,-0.022179828956723213,0.41397929191589355,0.29241716861724854,-0.03077171929180622,0.4167717695236206,0.26025474071502686,-0.039346933364868164,0.3900637626647949,0.4194139242172241,-0.023047110065817833,0.378632128238678,0.3698771595954895,-0.030385710299015045,0.37366026639938354,0.33189043402671814,-0.03450407460331917,0.370417058467865,0.29833555221557617,-0.03842751681804657
OK,0.5188640356063843,0.621819257736206,4.36765759559421e-07,0.5769041776657104,0.6031159162521362,-0.007129789795726538,0.6323368549346924,0.5698555111885071,-0.010862293653190136,0.6765120029449463,0.5457268953323364,-0.017156895250082016,0.7121713161468506,0.5232369899749756,-0.021962353959679604,0.6040467619895935,0.4611770212650299,0.0058873798698186874,0.6537231206893921,0.45169368386268616,-0.008400632068514824,0.6853762269020081,0.48403769731521606,-0.022317128255963326,0.7088757157325745,0.517281711101532,-0.03176979720592499,0.5928574204444885,0.43919694423675537,-0.001990602118894458,0.6177046895027161,0.35437798500061035,-0.008156628347933292,0.641586184501648,0.30583685636520386,-0.01847265474498272,0.6561381816864014,0.26446202397346497,-0.028476426377892494,0.5766624808311462,0.4344952404499054,-0.013383914716541767,0.5812479853630066,0.3391018509864807,-0.020081331953406334,0.5921043157577515,0.286467969417572,-0.02673416957259178,0.5975527763366699,0.24523679912090302,-0.03351854532957077,0.5607021450996399,0.4480412006378174,-0.02678382582962513,0.5506450533866882,0.3724788725376129,-0.03456120938062668,0.5486975908279419,0.3237980902194977,-0.03755231574177742,0.5485971570014954,0.28098419308662415,-0.040172453969717026
OK,0.13625246286392212,0.5236749649047852,3.4546937399682065e-07,0.1906505674123764,0.5184780955314636,-0.01819279044866562,0.25361767411231995,0.4872360825538635,-0.02518114261329174,0.2964973747730255,0.468879759311676,-0.03369408845901489,0.3080231249332428,0.4327583909034729,-0.04034443944692612,0.22995245456695557,0.37347543239593506,-0.008872851729393005,0.2729233503341675,0.33000972867012024,-0.0366673469543457,0.2933434844017029,0.35983794927597046,-0.059810589998960495,0.2970646917819977,0.40422266721725464,-0.07130169868469238,0.20587483048439026,0.34750062227249146,-0.013566192239522934,0.2325572967529297,0.26259666681289673,-0.027593152597546577,0.2561958134174347,0.20976267755031586,-0.0424848236143589,0.2716118395328522,0.1688779890537262,-0.053443532437086105,0.17774274945259094,0.34124523401260376,-0.02344595454633236,0.1999140828847885,0.263934463262558,-0.036903150379657745,0.2174735963344574,0.21221183240413666,-0.04577966406941414,0.22950007021427155,0.17446348071098328,-0.05136225372552872,0.14649467170238495,0.35146546363830566,-0.03635088726878166,0.15169794857501984,0.29388749599456787,-0.04906318709254265,0.15626610815525055,0.24815861880779266,-0.05290121212601662,0.16209165751934052,0.2088688462972641,-0.053975965827703476
OK,0.2876426875591278,0.5256890058517456,3.811931605923746e-07,0.3421088457107544,0.5231289267539978,-0.018243756145238876,0.3998822271823883,0.4990563690662384,-0.026670899242162704,0.44229257106781006,0.4796600937843323,-0.036246661096811295,0.46254730224609375,0.43969273567199707,-0.0437486432492733,0.3769204616546631,0.3794299364089966,-0.009527556598186493,0.42201507091522217,0.34369707107543945,-0.03745964914560318,0.4447123110294342,0.3770805299282074,-0.060263704508543015,0.45307061076164246,0.42056822776794434,-0.07137128710746765,0.35776418447494507,0.3519364297389984,-0.013555793091654778,0.3900323510169983,0.27183228731155396,-0.02663302607834339,0.4160122275352478,0.22259990870952606,-0.04014664888381958,0.43547579646110535,0.17991599440574646,-0.049900177866220474,0.3342377543449402,0.34325161576271057,-0.022567501291632652,0.3573913872241974,0.2670880854129791,-0.03502698242664337,0.37674134969711304,0.21732334792613983,-0.04298732057213783,0.39091500639915466,0.17988327145576477,-0.04775345325469971,0.30638739466667175,0.3516506552696228,-0.03450098633766174,0.3119385540485382,0.2902592122554779,-0.04586832597851753,0.3179110288619995,0.244165301322937,-0.04822550714015961,0.3233548104763031,0.20660004019737244,-0.04804528132081032
OK,0.4018154740333557,0.5344082713127136,4.7427025151591806e-07,0.4577162265777588,0.5293412208557129,-0.01761002279818058,0.5130518078804016,0.5078115463256836,-0.026824381202459335,0.5565294027328491,0.4898434579372406,-0.03677736595273018,0.5857959389686584,0.45271575450897217,-0.045080941170454025,0.48681706190109253,0.37922537326812744,-0.008788339793682098,0.53517746925354,0.3582422137260437,-0.03345668315887451,0.5635645389556885,0.38673630356788635,-0.05428747087717056,0.5797310471534729,0.42374876141548157,-0.06571277230978012,0.47291722893714905,0.3536912798881531,-0.014188002794981003,0.503807783126831,0.2659285068511963,-0.028119264170527458,0.529309868812561,0.21477137506008148,-0.04319892078638077,0.5486770272254944,0.17593911290168762,-0.05471182242035866,0.45265063643455505,0.3464115560054779,-0.023856259882450104,0.4728128910064697,0.26108962297439575,-0.03807965666055679,0.4884028732776642,0.20880718529224396,-0.047105822712183,0.5002588033676147,0.16991853713989258,-0.0529293566942215,0.4291019141674042,0.35631537437438965,-0.03607508912682533,0.4334460496902466,0.28682082891464233,-0.04893243685364723,0.43955177068710327,0.23851706087589264,-0.052039433270692825,0.4453738033771515,0.19811536371707916,-0.05287619307637215
OK,0.5526056289672852,0.526529848575592,5.454800202642218e-07,0.6111062169075012,0.5256770253181458,-0.0008367247064597905,0.6621846556663513,0.5115991830825806,-0.002143202582374215,0.7049892544746399,0.4985443949699402,-0.007845697924494743,0.7361710071563721,0.463967502117157,-0.012562641873955727,0.6331341862678528,0.381054550409317,0.02319515496492386,0.6839655637741089,0.36188533902168274,0.009787827730178833,0.7114943265914917,0.3923448324203491,-0.005801403895020485,0.7250362038612366,0.4317173659801483,-0.014698578976094723,0.6261487007141113,0.3660220205783844,0.01214995700865984,0.6551592350006104,0.28758394718170166,0.007431257516145706,0.6827386617660522,0.24658629298210144,-0.006047403439879417,0.6968324184417725,0.22098229825496674,-0.016631340608000755,0.6145390868186951,0.3630761206150055,-0.0027801874093711376,0.6302786469459534,0.2703559994697571,-0.007942724041640759,0.6485466361045837,0.2177039086818695,-0.014665421098470688,0.6565619111061096,0.18367822468280792,-0.02004174515604973,0.6001976728439331,0.37362992763519287,-0.01943168230354786,0.600968062877655,0.29635685682296753,-0.028115250170230865,0.6080303192138672,0.2429104447364807,-0.031993377953767776,0.6142308712005615,0.20078743994235992,-0.03361315280199051
OK,0.669977068901062,0.5732328295707703,3.826165482223587e-07,0.7211140990257263,0.5726065635681152,0.004513007588684559,0.7630404233932495,0.5540943741798401,0.005616051144897938,0.7990624308586121,0.5349534749984741,0.0022392563987523317,0.8304732441902161,0.5091485381126404,0.00047074220492504537,0.7326772212982178,0.4330427348613739,0.025524301454424858,0.7759523987770081,0.4285655915737152,0.017116505652666092,0.8044618368148804,0.45644065737724304,0.007679329253733158,0.8196511268615723,0.4921867847442627,0.003867504419758916,0.7298797965049744,0.42287009954452515,0.01669454574584961,0.7543103694915771,0.3423544764518738,0.017276616767048836,0.7789536714553833,0.29151254892349243,0.014186627231538296,0.7924966216087341,0.2540324926376343,0.011780714616179466,0.7266010046005249,0.4207003712654114,0.004633752629160881,0.7461479306221008,0.3347243070602417,0.005499126855283976,0.7646057605743408,0.2867363393306732,0.007794708479195833,0.7727231979370117,0.25260496139526367,0.009016484953463078,0.7255424857139587,0.4283132255077362,-0.008858288638293743,0.7323240041732788,0.35269737243652344,-0.011791585013270378,0.7403244972229004,0.3027294874191284,-0.01066681183874607,0.7439866065979004,0.26399168372154236,-0.008689893409609795
OK,0.8169165253639221,0.6100741028785706,1.4097297551529664e-08,0.7687177658081055,0.5889080762863159,-0.01208303589373827,0.7273154854774475,0.553531289100647,-0.025795934721827507,0.69110506772995,0.5324527025222778,-0.04179239273071289,0.667637288570404,0.504458487033844,-0.05663687735795975,0.7542465925216675,0.44821950793266296,-0.012865860015153885,0.7140818238258362,0.4184483289718628,-0.043770141899585724,0.688378095626831,0.4393239915370941,-0.06776517629623413,0.6767511963844299,0.46673551201820374,-0.07926270365715027,0.7727366089820862,0.43297991156578064,-0.020706657320261,0.7549126744270325,0.3510337471961975,-0.04284103959798813,0.7412087917327881,0.2953244745731354,-0.05497336387634277,0.7297487854957581,0.2525354027748108,-0.06043754518032074,0.7944902181625366,0.4364560842514038,-0.032428547739982605,0.7811102271080017,0.35482683777809143,-0.04877718165516853,0.7750847935676575,0.3027617335319519,-0.05527357757091522,0.7685505151748657,0.2595597505569458,-0.05677144601941109,0.8146135807037354,0.45485174655914307,-0.04596821963787079,0.804618239402771,0.3945240080356598,-0.054273590445518494,0.7960562705993652,0.35196924209594727,-0.052927542477846146,0.7882685661315918,0.3154057264328003,-0.049703922122716904
OK,0.6603319644927979,0.5909684300422668,-2.1602005517706857e-08,0.6134487986564636,0.5755693912506104,-0.007885021157562733,0.5732013583183289,0.5400441884994507,-0.017401574179530144,0.5380232930183411,0.5225818753242493,-0.02977975271642208,0.5156901478767395,0.4970057010650635,-0.04168274253606796,0.6058846116065979,0.4469527304172516,-0.0023714390117675066,0.5698013305664062,0.4133703410625458,-0.02492605149745941,0.540315568447113,0.42907893657684326,-0.0458541065454483,0.5219604969024658,0.4491424262523651,-0.057357583194971085,0.6200608611106873,0.4326784610748291,-0.010353204794228077,0.601879358291626,0.365045428276062,-0.02544226497411728,0.5873979926109314,0.3189825713634491,-0.038808081299066544,0.576745867729187,0.2799137830734253,-0.04804571717977524,0.6352286338806152,0.4316699802875519,-0.021734481677412987,0.6185413002967834,0.3611140251159668,-0.03444992005825043,0.6055184602737427,0.3126600682735443,-0.04530523344874382,0.595702588558197,0.27358096837997437,-0.05153947323560715,0.647748589515686,0.442141056060791,-0.03444704785943031,0.6336652040481567,0.3823179602622986,-0.04204442724585533,0.6209564805030823,0.3408486247062683,-0.04387722909450531,0.6099973917007446,0.30826741456985474,-0.04427368566393852
OK,0.5502262115478516,0.5843616724014282,2.3515383418271085e-08,0.4918002188205719,0.5640125870704651,-0.005941812880337238,0.46023038029670715,0.5280457735061646,-0.017655111849308014,0.42576178908348083,0.5072455406188965,-0.03216306120157242,0.3996330499649048,0.4824747145175934,-0.04660186171531677,0.5099080801010132,0.4169728755950928,-0.004230526275932789,0.455557256937027,0.3960805833339691,-0.022984100505709648,0.42321455478668213,0.4227319359779358,-0.042472586035728455,0.4076943099498749,0.4527536928653717,-0.0538334958255291,0.5233075618743896,0.4091236889362335,-0.013470757752656937,0.4881259799003601,0.3400315046310425,-0.022559836506843567,0.46821272373199463,0.2884191572666168,-0.032605625689029694,0.45424944162368774,0.24759431183338165,-0.04139797389507294,0.5272994637489319,0.4221058487892151,-0.025003623217344284,0.49644744396209717,0.34802302718162537,-0.03233760967850685,0.48156028985977173,0.2960132956504822,-0.03720584884285927,0.47267651557922363,0.2549326717853546,-0.041740935295820236,0.5174586772918701,0.44746133685112,-0.03779834881424904,0.5015661716461182,0.38966408371925354,-0.04385700076818466,0.49186670780181885,0.3466563820838928,-0.04320412129163742,0.48514726758003235,0.30970853567123413,-0.042650189250707626
OK,0.448629230260849,0.5986324548721313,-8.213901736553453e-08,0.39570239186286926,0.5711384415626526,0.000680346682202071,0.36443015933036804,0.5409443974494934,-0.010468622669577599,0.33062100410461426,0.5231875777244568,-0.025384074077010155,0.305060476064682,0.49647560715675354,-0.04086270183324814,0.4166339337825775,0.42847299575805664,-0.0014664995251223445,0.35621243715286255,0.407234251499176,-0.019354425370693207,0.3242267668247223,0.4412522614002228,-0.03801891952753067,0.31163135170936584,0.47795572876930237,-0.04867466539144516,0.42305195331573486,0.42448797821998596,-0.013541189953684807,0.37670451402664185,0.35004568099975586,-0.019282547757029533,0.3491717576980591,0.3035442531108856,-0.02833709307014942,0.3303573727607727,0.265510618686676,-0.03864777833223343,0.4166560173034668,0.43971580266952515,-0.027433842420578003,0.38377922773361206,0.3574616312980652,-0.03298501297831535,0.36366748809814453,0.30741798877716064,-0.039751045405864716,0.3513694405555725,0.26538628339767456,-0.04779937118291855,0.39539918303489685,0.46271687746047974,-0.04155182093381882,0.37677305936813354,0.4032992720603943,-0.045799270272254944,0.36560410261154175,0.3626711368560791,-0.046377699822187424,0.3565271496772766,0.3241689205169678,-0.048887547105550766
OK,0.43375468254089355,0.5816900730133057,7.661451917329032e-08,0.3903965950012207,0.5614467859268188,-0.010912113822996616,0.35117655992507935,0.5241368412971497,-0.02512907236814499,0.31877171993255615,0.5006994009017944,-0.04100177064538002,0.2990865707397461,0.4704587161540985,-0.056023817509412766,0.38623613119125366,0.4272671341896057,-0.01584099419414997,0.35322538018226624,0.3974947929382324,-0.04380209371447563,0.32422029972076416,0.4192437529563904,-0.0668635219335556,0.3059890568256378,0.4428325891494751,-0.0788687914609909,0.40427178144454956,0.4166051149368286,-0.02405286207795143,0.3933158218860626,0.3363136947154999,-0.043027881532907486,0.3849574327468872,0.2826559841632843,-0.05583389103412628,0.3788932263851166,0.23734045028686523,-0.06336373090744019,0.42326268553733826,0.4253973960876465,-0.034992918372154236,0.41879338026046753,0.3467627763748169,-0.049964502453804016,0.4185381233692169,0.29728204011917114,-0.05747375264763832,0.41746458411216736,0.255013108253479,-0.0608479343354702,0.43950578570365906,0.44896456599235535,-0.04711363464593887,0.4376881718635559,0.39085260033607483,-0.054825715720653534,0.43589603900909424,0.3519091308116913,-0.052615687251091,0.4351990222930908,0.3179863691329956,-0.04938635230064392
OK,0.3612135648727417,0.5791512727737427,3.0128649797234175e-08,0.3180915117263794,0.557452917098999,-0.005547745618969202,0.2821037471294403,0.522258460521698,-0.016158321872353554,0.2476915717124939,0.5031461119651794,-0.030034733936190605,0.22316603362560272,0.47823813557624817,-0.04350714012980461,0.3130224943161011,0.42513757944107056,-0.004106986802071333,0.27645397186279297,0.39934155344963074,-0.03016747534275055,0.24481672048568726,0.4179180860519409,-0.05332246422767639,0.22692252695560455,0.4421967566013336,-0.06528576463460922,0.3255058825016022,0.41455990076065063,-0.013939626514911652,0.3108671307563782,0.3398883044719696,-0.02834242768585682,0.2987210154533386,0.2885337471961975,-0.038442131131887436,0.29137852787971497,0.24593594670295715,-0.04416937008500099,0.34099504351615906,0.42163968086242676,-0.027170808985829353,0.3329632580280304,0.3453221321105957,-0.03880235552787781,0.327938050031662,0.29621291160583496,-0.04450199007987976,0.3234275281429291,0.25618863105773926,-0.04664690047502518,0.35367995500564575,0.4419957399368286,-0.0417003259062767,0.3496665954589844,0.3884579539299011,-0.04801135137677193,0.34454309940338135,0.3511536121368408,-0.04586205258965492,0.3400869369506836,0.3185165822505951,-0.042515531182289124
OK,0.3043842017650604,0.6660588979721069,1.5368195249720884e-07,0.34740298986434937,0.629966676235199,-0.012419681996107101,0.38251951336860657,0.5792033672332764,-0.017877183854579926,0.4052858352661133,0.5381548404693604,-0.024962548166513443,0.39757466316223145,0.503899872303009,-0.03085404820740223,0.3390113115310669,0.5065468549728394,-0.005968702025711536,0.3575794994831085,0.4537420868873596,-0.02805614471435547,0.37662315368652344,0.4641067385673523,-0.04617653787136078,0.3900223970413208,0.485597163438797,-0.055728260427713394,0.31481966376304626,0.4974502623081207,-0.010921531356871128,0.3181433379650116,0.4207049012184143,-0.02310451865196228,0.3211025297641754,0.3735020160675049,-0.03437718749046326,0.3220018148422241,0.33376461267471313,-0.04293982312083244,0.29266321659088135,0.5042660236358643,-0.019482867792248726,0.2918154001235962,0.4389570653438568,-0.03022722527384758,0.29295745491981506,0.39669859409332275,-0.03544590622186661,0.2946797013282776,0.36252647638320923,-0.038832928985357285,0.2710910737514496,0.5241793990135193,-0.03045990690588951,0.26374590396881104,0.4797344207763672,-0.03780451789498329,0.2593837082386017,0.44601109623908997,-0.03831987828016281,0.25523823499679565,0.41638797521591187,-0.03814632445573807
OK,0.3621740937232971,0.6566510200500488,3.8142204061841767e-07,0.4100897014141083,0.632246732711792,-0.014546488411724567,0.45646101236343384,0.5902116894721985,-0.020654961466789246,0.4899951219558716,0.5599600076675415,-0.027877377346158028,0.504260778427124,0.5181317329406738,-0.03339603170752525,0.42546138167381287,0.4902991056442261,-0.007537823170423508,0.46213871240615845,0.44947296380996704,-0.03155530244112015,0.4862464368343353,0.46967747807502747,-0.05098786950111389,0.5044562220573425,0.4993356466293335,-0.061248283833265305,0.4027467966079712,0.4709944427013397,-0.012658470310270786,0.422916978597641,0.3864589035511017,-0.02926015853881836,0.4469164311885834,0.3406028747558594,-0.04447317495942116,0.46861758828163147,0.3058191239833832,-0.054856784641742706,0.37716084718704224,0.46917471289634705,-0.021494939923286438,0.3891039788722992,0.38862961530685425,-0.03779704496264458,0.40734922885894775,0.342205286026001,-0.04650554805994034,0.42601239681243896,0.30849701166152954,-0.05056209862232208,0.3498271107673645,0.4831415116786957,-0.0323999859392643,0.3558952808380127,0.4224134087562561,-0.04442763701081276,0.36563998460769653,0.3802100121974945,-0.0468352772295475,0.37820547819137573,0.34556514024734497,-0.046797167509794235
OK,0.2774115800857544,0.6281445622444153,2.773836058622692e-07,0.32357704639434814,0.5987343192100525,-0.008692954666912556,0.36214229464530945,0.5550789833068848,-0.010428052395582199,0.3865271806716919,0.5198945999145508,-0.013973409309983253,0.3859255015850067,0.4859143793582916,-0.01610444113612175,0.3272792100906372,0.47239238023757935,0.0021514527034014463,0.3522852063179016,0.43008866906166077,-0.014475665055215359,0.36791741847991943,0.4378952980041504,-0.027979867532849312,0.3770042061805725,0.4599156379699707,-0.03474092483520508,0.3034086227416992,0.4566032588481903,-0.00378839997574687,0.3159034848213196,0.3805341124534607,-0.014376552775502205,0.33209535479545593,0.33879631757736206,-0.02404547855257988,0.34503209590911865,0.30897605419158936,-0.030495334416627884,0.2790198028087616,0.4569632112979889,-0.01325178425759077,0.2804815173149109,0.38363173604011536,-0.024830885231494904,0.2896842062473297,0.3384568691253662,-0.03190693259239197,0.2994895875453949,0.3061937689781189,-0.035455845296382904,0.254097044467926,0.47233009338378906,-0.02435159683227539,0.24856817722320557,0.41660380363464355,-0.03381882235407829,0.24935314059257507,0.3777655363082886,-0.03684090077877045,0.25295859575271606,0.34543347358703613,-0.03782164305448532
OK,0.5456076860427856,0.5930553078651428,2.500323432741425e-07,0.5996927618980408,0.5628072619438171,0.0024928904604166746,0.6320217251777649,0.519957959651947,0.002860763343051076,0.6559844017028809,0.49421051144599915,-0.0021192613057792187,0.6713197827339172,0.46710264682769775,-0.007291947025805712,0.5918920040130615,0.42916998267173767,0.017694639042019844,0.6145358085632324,0.39240574836730957,-0.0008641894673928618,0.6361347436904907,0.4009106159210205,-0.01967582106590271,0.6524856090545654,0.4198017418384552,-0.03152353689074516,0.5800094604492188,0.41892802715301514,0.0040857065469026566,0.5973886847496033,0.3489634394645691,-0.009862975217401981,0.6243085861206055,0.31043460965156555,-0.02755672112107277,0.6483215093612671,0.28328388929367065,-0.04118289798498154,0.5650851726531982,0.42211684584617615,-0.012695119716227055,0.5781758427619934,0.3504283130168915,-0.027582736685872078,0.5988836288452148,0.3072547912597656,-0.041444774717092514,0.6174855828285217,0.2769286632537842,-0.05079703405499458,0.5500801801681519,0.44059738516807556,-0.02996320277452469,0.5559955835342407,0.3857402503490448,-0.04253009334206581,0.5658366680145264,0.3479030430316925,-0.04865729808807373,0.5755858421325684,0.3177347779273987,-0.05317917838692665
OK,0.7334803342819214,0.5954933166503906,2.2710368341449794e-07,0.7926741242408752,0.5414841175079346,0.03298917040228844,0.813301146030426,0.5041549205780029,0.047494273632764816,0.8408486247062683,0.4790787100791931,0.052992917597293854,0.8646087050437927,0.4464564621448517,0.0606108084321022,0.7598414421081543,0.42135435342788696,0.050653472542762756,0.8110958933830261,0.39017459750175476,0.04483746364712715,0.8407799601554871,0.4050830900669098,0.03714003041386604,0.8608839511871338,0.4286267161369324,0.03330974653363228,0.75430828332901,0.4154214859008789,0.02620609663426876,0.7835679650306702,0.3368165194988251,0.017775442451238632,0.8154975771903992,0.299948513507843,0.007038904819637537,0.842523992061615,0.2819902300834656,0.0002384812687523663,0.7502578496932983,0.4227422773838043,0.0011977644171565771,0.7690073251724243,0.3363346457481384,-0.002567070769146085,0.7921426892280579,0.2950107157230377,-0.0012689833529293537,0.8146950602531433,0.2681988477706909,-0.00017550343181937933,0.7511975169181824,0.4373781383037567,-0.022597376257181168,0.7651503682136536,0.36612796783447266,-0.025472959503531456,0.7795656323432922,0.32535111904144287,-0.020708614960312843,0.796181321144104,0.29761451482772827,-0.0160280279815197
OK,0.8352950811386108,0.6084969639778137,-1.1467615479432425e-07,0.7917062640190125,0.594157874584198,-0.015539664775133133,0.7546865940093994,0.5570845603942871,-0.02807079814374447,0.7258886694908142,0.527042031288147,-0.041300222277641296,0.7065690755844116,0.49686455726623535,-0.054135508835315704,0.7782828211784363,0.47351348400115967,-0.014065840281546116,0.7489871382713318,0.4339057207107544,-0.035796985030174255,0.7244702577590942,0.4481789469718933,-0.05437314882874489,0.7091497778892517,0.4676828682422638,-0.06513028591871262,0.8010434508323669,0.4567539691925049,-0.01792117953300476,0.7760388851165771,0.39702606201171875,-0.0358840636909008,0.7501901984214783,0.36649784445762634,-0.050351619720458984,0.7286090850830078,0.34342116117477417,-0.05973926931619644,0.8269048929214478,0.4559555947780609,-0.024911681190133095,0.8153347373008728,0.3882817029953003,-0.04024475812911987,0.7991510629653931,0.3463977873325348,-0.05271829292178154,0.7859078049659729,0.3138308525085449,-0.060527946799993515,0.8535535931587219,0.4676734507083893,-0.03323361277580261,0.8571381568908691,0.41130131483078003,-0.043714478611946106,0.8547489643096924,0.3721974492073059,-0.04931177198886871,0.8502275943756104,0.3386204242706299,-0.05299229547381401
OK,0.7122137546539307,0.6157530546188354,-1.5553924015421217e-07,0.6725785732269287,0.6051308512687683,-0.016009313985705376,0.6371539831161499,0.5751500725746155,-0.03140637278556824,0.6092629432678223,0.5502305626869202,-0.04811033606529236,0.5875948071479797,0.5221725702285767,-0.06455028802156448,0.6592123508453369,0.48734036087989807,-0.014520911499857903,0.6281815767288208,0.45113828778266907,-0.03992525115609169,0.6032207608222961,0.46916425228118896,-0.062360309064388275,0.5855065584182739,0.49151167273521423,-0.07519874721765518,0.675559401512146,0.4721750020980835,-0.01908147893846035,0.6469032168388367,0.41613346338272095,-0.040006570518016815,0.6166298389434814,0.3905278742313385,-0.05782521888613701,0.5917028188705444,0.3740164637565613,-0.06914770603179932,0.6964907050132751,0.47030216455459595,-0.026875147596001625,0.6781836748123169,0.40217405557632446,-0.04343844950199127,0.6559602618217468,0.3634609580039978,-0.05629795789718628,0.6385131478309631,0.3355165123939514,-0.06402023136615753,0.7197313904762268,0.47898614406585693,-0.036228787153959274,0.7124943137168884,0.42349323630332947,-0.04648406431078911,0.7035223245620728,0.38677316904067993,-0.051462914794683456,0.6937837600708008,0.3568496108055115,-0.054503198713064194
OK,0.7584672570228577,0.8548717498779297,-3.6365844380270573e-07,0.683631181716919,0.8226326704025269,-0.019562657922506332,0.6155566573143005,0.7496922612190247,-0.04036451131105423,0.5591175556182861,0.7110258936882019,-0.06465297937393188,0.5059658885002136,0.6822514533996582,-0.0892307311296463,0.6436877846717834,0.5986796021461487,-0.018189197406172752,0.5794293880462646,0.5482174158096313,-0.058825694024562836,0.5346935987472534,0.5923942923545837,-0.09472900629043579,0.5075443983078003,0.6403830051422119,-0.11544974148273468,0.6754786372184753,0.5786923170089722,-0.03181062266230583,0.6141963601112366,0.4715769290924072,-0.06872541457414627,0.5530174374580383,0.42995864152908325,-0.09955201297998428,0.5045802593231201,0.4056248664855957,-0.11794865876436234,0.7158800363540649,0.5883769989013672,-0.04997297003865242,0.6780791878700256,0.4642454981803894,-0.08033726364374161,0.634039580821991,0.3946540057659149,-0.10391654819250107,0.5998501777648926,0.3411429822444916,-0.11790336668491364,0.7568432092666626,0.6206250190734863,-0.06985951960086823,0.7521342039108276,0.5239752531051636,-0.08751719444990158,0.7391809821128845,0.4562404453754425,-0.09590354561805725,0.7240277528762817,0.39258110523223877,-0.10209404677152634
OK,0.40033388137817383,0.5188702344894409,2.5193086727881564e-08,0.3929849863052368,0.5038634538650513,-0.014021346345543861,0.3774019777774811,0.4833328127861023,-0.02452271245419979,0.3583036959171295,0.46986690163612366,-0.03291629999876022,0.34092649817466736,0.46115267276763916,-0.04246847704052925,0.37563732266426086,0.4683365821838379,-0.030203159898519516,0.35909169912338257,0.4497718811035156,-0.04298418015241623,0.3469475209712982,0.43755659461021423,-0.052561141550540924,0.3356040120124817,0.42392870783805847,-0.05973188579082489,0.3715227246284485,0.46724772453308105,-0.028523694723844528,0.34707343578338623,0.4523676931858063,-0.04255196452140808,0.32823124527931213,0.43978700041770935,-0.05205259472131729,0.31341788172721863,0.4269818663597107,-0.05963275581598282,0.3702273964881897,0.4695638418197632,-0.02687183953821659,0.35374027490615845,0.44751107692718506,-0.04081420972943306,0.341947078704834,0.42935556173324585,-0.04925670474767685,0.3323659300804138,0.4154275357723236,-0.055126652121543884,0.3715468943119049,0.47470009326934814,-0.02551523596048355,0.36884239315986633,0.45560792088508606,-0.03611549735069275,0.3676506578922272,0.44054827094078064,-0.0411454513669014,0.3659522533416748,0.42823830246925354,-0.045212529599666595
OK,0.504253089427948,0.5669235587120056,-1.0132839634025004e-07,0.4598042070865631,0.5420749187469482,-0.011028739623725414,0.42028647661209106,0.49800246953964233,-0.02583460323512554,0.38739287853240967,0.4663994312286377,-0.04306413233280182,0.3686738908290863,0.4319966733455658,-0.060202501714229584,0.4608578085899353,0.4021014869213104,-0.014552700333297253,0.4249696135520935,0.36090484261512756,-0.04289114847779274,0.3959388732910156,0.37495407462120056,-0.0676647201180458,0.37946969270706177,0.3980565071105957,-0.08108361810445786,0.47842851281166077,0.38706228137016296,-0.02234519086778164,0.4629918336868286,0.3042490780353546,-0.03990364447236061,0.4439910650253296,0.2575576603412628,-0.05342234671115875,0.4272550642490387,0.22616039216518402,-0.06243547797203064,0.5007225871086121,0.392202764749527,-0.033510301262140274,0.4980168640613556,0.30171850323677063,-0.04751494526863098,0.49251875281333923,0.24930766224861145,-0.05893095210194588,0.4888812303543091,0.20905789732933044,-0.06663965433835983,0.5236666202545166,0.4115212559700012,-0.046073656529188156,0.5425077080726624,0.34790512919425964,-0.05543684959411621,0.5505979061126709,0.3050321340560913,-0.05967727303504944,0.5544697046279907,0.26489871740341187,-0.06261778622865677
YES,0.6990228891372681,0.5234698057174683,-4.688386923135113e-07,0.6508938670158386,0.5062152147293091,-0.010149681940674782,0.6125891208648682,0.4552850127220154,-0.014880594797432423,0.6180239915847778,0.4145045578479767,-0.020614145323634148,0.6441619396209717,0.39671850204467773,-0.02237554080784321,0.6183472275733948,0.3810173571109772,0.0015398855321109295,0.6004299521446228,0.35023388266563416,-0.026883220300078392,0.6122065186500549,0.40079912543296814,-0.04367285966873169,0.6272055506706238,0.4320642650127411,-0.05112259089946747,0.650673508644104,0.3646632134914398,-0.0036107769701629877,0.6336920857429504,0.325523316860199,-0.029497873038053513,0.6404430270195007,0.39028188586235046,-0.03230014070868492,0.6519849896430969,0.4139201045036316,-0.02706601470708847,0.6846321225166321,0.3630314767360687,-0.013515922240912914,0.6734625697135925,0.3312554359436035,-0.03702309727668762,0.6731744408607483,0.3924633860588074,-0.02629227004945278,0.6815997362136841,0.4094122052192688,-0.012752305716276169,0.7207526564598083,0.3731069564819336,-0.02511083148419857,0.7084842324256897,0.3579846918582916,-0.03896883875131607,0.7031219601631165,0.3984760344028473,-0.030629338696599007,0.7085593938827515,0.4083401560783386,-0.020467696711421013
YES,0.5795122981071472,0.43995237350463867,-5.673740020029072e-07,0.5253615379333496,0.42434436082839966,-0.007220325525850058,0.48145800828933716,0.3617178201675415,-0.008782152086496353,0.4834268391132355,0.3097902834415436,-0.012829932384192944,0.5054437518119812,0.2803058326244354,-0.013211152516305447,0.4901653230190277,0.29740110039711,0.008463161066174507,0.46041595935821533,0.26628589630126953,-0.01849326677620411,0.4705568552017212,0.3172430396080017,-0.03329966962337494,0.48805850744247437,0.34716328978538513,-0.039389096200466156,0.5174053311347961,0.28114327788352966,0.0026434706524014473,0.4869290888309479,0.2378062903881073,-0.02466331608593464,0.49507176876068115,0.3041985332965851,-0.026567107066512108,0.5135282874107361,0.33008766174316406,-0.019697600975632668,0.5500063300132751,0.27581048011779785,-0.008312270976603031,0.5231733918190002,0.23889145255088806,-0.03386041894555092,0.5268297791481018,0.3033297657966614,-0.023638460785150528,0.5446733832359314,0.32204124331474304,-0.00957355834543705,0.5874507427215576,0.27964964509010315,-0.020824328064918518,0.5599581599235535,0.2601534426212311,-0.03528168797492981,0.5568177700042725,0.3048768639564514,-0.02809833362698555,0.5704023838043213,0.31864672899246216,-0.018745290115475655
YES,0.4482550621032715,0.5053209662437439,-5.290987701300764e-07,0.3905695676803589,0.48387038707733154,-0.008257919922471046,0.34927183389663696,0.429937481880188,-0.01347322203218937,0.3341313600540161,0.38339295983314514,-0.020763974636793137,0.3343390226364136,0.3419868052005768,-0.023308774456381798,0.36041927337646484,0.35273388028144836,0.005142809357494116,0.3212878704071045,0.3437586724758148,-0.020843418315052986,0.3342938721179962,0.39723116159439087,-0.03506746143102646,0.3514561951160431,0.41595354676246643,-0.04146679490804672,0.38227003812789917,0.3380328118801117,-0.0010572493774816394,0.3391364812850952,0.3196655511856079,-0.028535954654216766,0.3537474572658539,0.3853638470172882,-0.03095516934990883,0.3738737404346466,0.40059348940849304,-0.025300178676843643,0.41100847721099854,0.3329751789569855,-0.011803575791418552,0.3696472942829132,0.3169507682323456,-0.0359041765332222,0.38193291425704956,0.38165292143821716,-0.024893153458833694,0.40276119112968445,0.3917730450630188,-0.011687425896525383,0.4432394504547119,0.3364115059375763,-0.024428972974419594,0.4064885675907135,0.33890706300735474,-0.03767697513103485,0.40993234515190125,0.3808865547180176,-0.030297990888357162,0.4265582263469696,0.3841371536254883,-0.02116277627646923
YES,0.3139994740486145,0.5003836750984192,-6.014695941303216e-07,0.253412127494812,0.46674156188964844,-0.0010312246158719063,0.2284497171640396,0.41020917892456055,-0.004205301403999329,0.23950399458408356,0.36661961674690247,-0.012421944178640842,0.2545619606971741,0.33168575167655945,-0.01811850816011429,0.23233485221862793,0.3559514284133911,0.015609094873070717,0.19414451718330383,0.3332330584526062,-0.00939884316176176,0.2003055363893509,0.3850322365760803,-0.025178497657179832,0.21646562218666077,0.4139280319213867,-0.032072316855192184,0.2530105412006378,0.34051117300987244,0.005986764095723629,0.20956206321716309,0.31358054280281067,-0.0206157136708498,0.21789537370204926,0.37649616599082947,-0.02696460671722889,0.238318532705307,0.40013518929481506,-0.023684674873948097,0.28012779355049133,0.33437931537628174,-0.007740128319710493,0.2361748367547989,0.31406477093696594,-0.02913135476410389,0.24567222595214844,0.37621405720710754,-0.02106398157775402,0.26778745651245117,0.3915475606918335,-0.009759149514138699,0.30961549282073975,0.33582472801208496,-0.02286917343735695,0.26686400175094604,0.3404282033443451,-0.03198941424489021,0.2714011073112488,0.3799784183502197,-0.02394549921154976,0.29095029830932617,0.38481712341308594,-0.01497555896639824
YES,0.18738138675689697,0.5006992816925049,-1.2299234697366046e-07,0.2332414984703064,0.48278090357780457,-0.012186656706035137,0.271030992269516,0.4258610010147095,-0.01757773756980896,0.27093377709388733,0.37475815415382385,-0.023198742419481277,0.2621237337589264,0.33884766697883606,-0.024711238220334053,0.26655420660972595,0.36328649520874023,-0.013285109773278236,0.2890726625919342,0.32309412956237793,-0.032701049000024796,0.28463414311408997,0.37220990657806396,-0.036089666187763214,0.275599867105484,0.39111649990081787,-0.03468764200806618,0.2316230684518814,0.35088199377059937,-0.017214078456163406,0.2571509778499603,0.3273826837539673,-0.03650016710162163,0.24889226257801056,0.3933417797088623,-0.035348597913980484,0.2418656200170517,0.39591148495674133,-0.030505649745464325,0.19853463768959045,0.35148146748542786,-0.02401868999004364,0.22260010242462158,0.33462095260620117,-0.04718003422021866,0.2195010483264923,0.39876869320869446,-0.03764653205871582,0.2094554752111435,0.39874202013015747,-0.02648153156042099,0.1640506386756897,0.35619601607322693,-0.03153884410858154,0.19044554233551025,0.35411345958709717,-0.04671042039990425,0.19277063012123108,0.3977343440055847,-0.03721349313855171,0.18229681253433228,0.399199903011322,-0.02700500562787056
YES,0.11056827753782272,0.5003332495689392,-6.397635843313765e-08,0.1587880253791809,0.4753146469593048,-0.01259327121078968,0.19450931251049042,0.4191097617149353,-0.0182037353515625,0.19612573087215424,0.369008868932724,-0.02409975789487362,0.19041791558265686,0.3352474868297577,-0.025412816554307938,0.18833184242248535,0.35616612434387207,-0.012423668056726456,0.20139682292938232,0.3095947206020355,-0.03189459815621376,0.19649019837379456,0.3604275584220886,-0.03532677888870239,0.19070155918598175,0.3798772990703583,-0.034327976405620575,0.15025950968265533,0.3471169173717499,-0.016617432236671448,0.1663828045129776,0.3119173049926758,-0.03587168827652931,0.1616041660308838,0.37714633345603943,-0.0350240059196949,0.15889465808868408,0.37987565994262695,-0.03109593503177166,0.11512072384357452,0.3508422374725342,-0.023769060149788857,0.13166296482086182,0.31959667801856995,-0.04727478697896004,0.13166140019893646,0.38430628180503845,-0.03726692870259285,0.12540662288665771,0.3865204453468323,-0.02605850249528885,0.07912500947713852,0.35829368233680725,-0.03178403154015541,0.09800218045711517,0.34402087330818176,-0.04744911566376686,0.1035597175359726,0.3858081102371216,-0.0384552888572216,0.0966048389673233,0.3904482126235962,-0.028766779229044914
YES,0.2481447458267212,0.5463964939117432,3.0074360779508424e-08,0.2939266264438629,0.5234323740005493,-0.008575894869863987,0.3265579044818878,0.4637886881828308,-0.01609618030488491,0.31537628173828125,0.41217222809791565,-0.02478262037038803,0.2959536910057068,0.3783690333366394,-0.03111199475824833,0.32760366797447205,0.4149051308631897,-0.014965453185141087,0.35683971643447876,0.37531018257141113,-0.035560738295316696,0.3505922853946686,0.4261675477027893,-0.04422421753406525,0.33557164669036865,0.4513366222381592,-0.04644858464598656,0.2967175543308258,0.4021034836769104,-0.021681804209947586,0.3274342715740204,0.3578718304634094,-0.04165734350681305,0.32429400086402893,0.4209529161453247,-0.04641081392765045,0.3131912350654602,0.44519293308258057,-0.045684944838285446,0.26400065422058105,0.40135079622268677,-0.030192025005817413,0.2892671823501587,0.3640699088573456,-0.0498686246573925,0.29135820269584656,0.4265001118183136,-0.045080699026584625,0.28347259759902954,0.44475769996643066,-0.037495456635951996,0.22971956431865692,0.4061281681060791,-0.0391804464161396,0.2566574811935425,0.3906846344470978,-0.05111990496516228,0.26270151138305664,0.4332889914512634,-0.043192047625780106,0.2547459602355957,0.44646167755126953,-0.035095710307359695
YES,0.295787513256073,0.44397738575935364,4.636639516775176e-08,0.35310250520706177,0.42919492721557617,-0.009666983969509602,0.39361730217933655,0.36673876643180847,-0.018400970846414566,0.38559067249298096,0.30407363176345825,-0.02856096625328064,0.3623809814453125,0.26468586921691895,-0.03567815199494362,0.39160582423210144,0.312064528465271,-0.01462722197175026,0.4208538830280304,0.2687380611896515,-0.035044971853494644,0.41155925393104553,0.3257887363433838,-0.04225839301943779,0.39602524042129517,0.3502606749534607,-0.043820593506097794,0.35868021845817566,0.29591384530067444,-0.02174163982272148,0.39274805784225464,0.2511385977268219,-0.042106080800294876,0.3851388394832611,0.3207038640975952,-0.045231930911540985,0.37284743785858154,0.33893394470214844,-0.04373504966497421,0.32474085688591003,0.29060226678848267,-0.030835594981908798,0.3577199876308441,0.24821653962135315,-0.05184006690979004,0.354230135679245,0.3202885091304779,-0.04306279122829437,0.3419988751411438,0.33678725361824036,-0.03265048563480377,0.28855249285697937,0.2878052592277527,-0.040606554597616196,0.323688268661499,0.2728372812271118,-0.05409419164061546,0.3250226080417633,0.3208092749118805,-0.044040389358997345,0.31154635548591614,0.3313763737678528,-0.03417569771409035
YES,0.43133288621902466,0.564958393573761,1.641662805695887e-08,0.4771484434604645,0.5372613072395325,-0.014259455725550652,0.5124498009681702,0.47446346282958984,-0.021339816972613335,0.5150680541992188,0.42428845167160034,-0.02788473293185234,0.5120116472244263,0.3858765959739685,-0.030094517394900322,0.5056073069572449,0.405713826417923,-0.01692928373813629,0.5291497111320496,0.37551552057266235,-0.037181396037340164,0.5250514149665833,0.43358734250068665,-0.042447734624147415,0.5127604603767395,0.45455169677734375,-0.04264160245656967,0.47096914052963257,0.3952450156211853,-0.02103896625339985,0.49712464213371277,0.3678298592567444,-0.040650900453329086,0.49532410502433777,0.437439888715744,-0.04238301143050194,0.48553532361984253,0.44946619868278503,-0.04040202498435974,0.435049831867218,0.4016673266887665,-0.02770395018160343,0.45821624994277954,0.38018912076950073,-0.05092538893222809,0.4623916745185852,0.44804608821868896,-0.04320260137319565,0.4529277980327606,0.45769184827804565,-0.0336521752178669,0.3974517285823822,0.41618096828460693,-0.035034868866205215,0.4224136471748352,0.40833771228790283,-0.05137214809656143,0.43106576800346375,0.4501824676990509,-0.04322027415037155,0.42223501205444336,0.45653074979782104,-0.03415122255682945
YES,0.6027073860168457,0.4805711507797241,-5.438226367004972e-07,0.5488811731338501,0.45437169075012207,-0.012242990545928478,0.5099647045135498,0.38854002952575684,-0.017588138580322266,0.5168458223342896,0.33742862939834595,-0.02398288995027542,0.5439487099647522,0.3113362193107605,-0.02511783130466938,0.5159982442855835,0.305228590965271,0.0024848186876624823,0.48801088333129883,0.28447425365448,-0.026180120185017586,0.4994872808456421,0.3442135751247406,-0.041872285306453705,0.5142495632171631,0.37110790610313416,-0.04904954880475998,0.5490859746932983,0.288998007774353,-0.0021319438237696886,0.5206336975097656,0.2677980065345764,-0.029428835958242416,0.528791069984436,0.3402947187423706,-0.030452638864517212,0.5422031879425049,0.35710057616233826,-0.024632953107357025,0.5857282280921936,0.2886548936367035,-0.01225409097969532,0.5610406398773193,0.2701236605644226,-0.03801991790533066,0.5631174445152283,0.3384418189525604,-0.02565569430589676,0.575854480266571,0.3509884774684906,-0.011620532721281052,0.6238807439804077,0.3004663586616516,-0.024613656103610992,0.5989917516708374,0.29619771242141724,-0.03912154212594032,0.5942027568817139,0.3433534502983093,-0.030759893357753754,0.6042814254760742,0.350577175617218,-0.021052459254860878
YES,0.5026788711547852,0.46540066599845886,-4.447347805580648e-07,0.457285076379776,0.45363420248031616,-0.0125122694298625,0.41436967253685,0.4169248938560486,-0.021868877112865448,0.40122127532958984,0.3873225748538971,-0.03213774040341377,0.406419038772583,0.3678842782974243,-0.03832945227622986,0.4193384051322937,0.3413921594619751,-0.008970890194177628,0.3948814272880554,0.3099668025970459,-0.037447091192007065,0.4077644944190979,0.3599408268928528,-0.051983799785375595,0.42339667677879333,0.3844304084777832,-0.05799376964569092,0.4464358389377594,0.32841378450393677,-0.013255984522402287,0.42306163907051086,0.2837013602256775,-0.04130995646119118,0.4345678985118866,0.3458252251148224,-0.043208587914705276,0.44902467727661133,0.36636197566986084,-0.03748448193073273,0.4772224426269531,0.32384568452835083,-0.021714577451348305,0.4585040509700775,0.2842216193675995,-0.04505165293812752,0.46426820755004883,0.34359538555145264,-0.03257524594664574,0.4763965904712677,0.3584235906600952,-0.018394239246845245,0.5117161273956299,0.32655060291290283,-0.03205455467104912,0.49461227655410767,0.30227115750312805,-0.043563783168792725,0.4929177165031433,0.3425200581550598,-0.033665064722299576,0.5004216432571411,0.35332685708999634,-0.023311302065849304
YES,0.08705656975507736,0.3841279447078705,-3.593846713556559e-07,0.13487088680267334,0.3834492266178131,-0.01247416716068983,0.18365949392318726,0.3379691541194916,-0.013145935721695423,0.1858072727918625,0.28266361355781555,-0.012839301489293575,0.1615302711725235,0.25380268692970276,-0.007323753088712692,0.1773896962404251,0.2695367932319641,-0.002915681339800358,0.18120840191841125,0.21480271220207214,-0.027069294825196266,0.1650734394788742,0.25846996903419495,-0.03897540271282196,0.1591157764196396,0.2874910235404968,-0.04331214725971222,0.14142146706581116,0.2626683712005615,-0.0027764728292822838,0.139963760972023,0.21485444903373718,-0.026379738003015518,0.12832200527191162,0.2784483730792999,-0.028137939050793648,0.13240814208984375,0.2971161901950836,-0.024360284209251404,0.1102316826581955,0.26078125834465027,-0.006587784271687269,0.10610725730657578,0.2219463735818863,-0.030323565006256104,0.10050687938928604,0.28147995471954346,-0.020005173981189728,0.10641025751829147,0.3020016551017761,-0.0077185374684631824,0.08116146922111511,0.2595418393611908,-0.011670773848891258,0.07772167026996613,0.23341624438762665,-0.02497818134725094,0.07637783885002136,0.27622190117836,-0.016950609162449837,0.082215316593647,0.29373565316200256,-0.007847229018807411
YES,0.1894792914390564,0.4077106714248657,-2.1014838580413198e-07,0.24227598309516907,0.4019695520401001,-0.012468146160244942,0.2921617031097412,0.3593417704105377,-0.013500882312655449,0.2927098274230957,0.3014416992664337,-0.013829676434397697,0.26961570978164673,0.2710859477519989,-0.0093787657096982,0.2835264801979065,0.28206923604011536,-0.0022310505155473948,0.295916348695755,0.22691544890403748,-0.025008585304021835,0.278849720954895,0.2783074378967285,-0.03493226692080498,0.2721654176712036,0.3066920042037964,-0.037928178906440735,0.2472269982099533,0.27502065896987915,-0.0037319178227335215,0.2542708218097687,0.23127292096614838,-0.025122003629803658,0.23998773097991943,0.29723408818244934,-0.027319831773638725,0.24244065582752228,0.31026437878608704,-0.024384761229157448,0.21324992179870605,0.27557671070098877,-0.009141219779849052,0.21926066279411316,0.23850922286510468,-0.03299922123551369,0.210083469748497,0.301411896944046,-0.02470647729933262,0.2144555151462555,0.3140021860599518,-0.013510947115719318,0.17927172780036926,0.27854451537132263,-0.015439356677234173,0.18529683351516724,0.2510335445404053,-0.028060073032975197,0.18416890501976013,0.2956445515155792,-0.018918879330158234,0.18658876419067383,0.30932900309562683,-0.008925223723053932
YES,0.3121097981929779,0.41998714208602905,-2.1701907826354727e-07,0.36688464879989624,0.42307981848716736,-0.007881556637585163,0.41694480180740356,0.3800221085548401,-0.007991421036422253,0.41994547843933105,0.3207458257675171,-0.008111025206744671,0.3964834213256836,0.2901003360748291,-0.005179795902222395,0.4059457778930664,0.3031919002532959,-0.005838453304022551,0.4237331449985504,0.25341716408729553,-0.025668079033493996,0.40871623158454895,0.30387064814567566,-0.03214235603809357,0.39824190735816956,0.33155572414398193,-0.03325721248984337,0.3717919588088989,0.2929500341415405,-0.01026320829987526,0.3896788954734802,0.2503534257411957,-0.030817948281764984,0.37430238723754883,0.31437787413597107,-0.03192726895213127,0.3681880235671997,0.33232229948043823,-0.028382809832692146,0.33718010783195496,0.29074087738990784,-0.01727406121790409,0.3541591763496399,0.25732165575027466,-0.041829586029052734,0.3431616723537445,0.32135042548179626,-0.03334600850939751,0.3392094075679779,0.3377116322517395,-0.022041290998458862,0.3008812963962555,0.2922980785369873,-0.02437373623251915,0.3182363510131836,0.26893240213394165,-0.040559954941272736,0.3150366544723511,0.31414029002189636,-0.03208188712596893,0.30983060598373413,0.32838064432144165,-0.022456230595707893
YES,0.49778813123703003,0.46326661109924316,-2.167614638892701e-07,0.5490732789039612,0.452136754989624,-0.005041145719587803,0.593139111995697,0.405185729265213,-0.006698028650134802,0.6004372835159302,0.3547300398349762,-0.009226984344422817,0.5846953988075256,0.3219839930534363,-0.008223017677664757,0.5781614184379578,0.3275980055332184,-0.008654939942061901,0.603141725063324,0.27697595953941345,-0.02767799235880375,0.601125180721283,0.3269508183002472,-0.030311495065689087,0.5892505049705505,0.35506683588027954,-0.02763630449771881,0.5489214658737183,0.31987670063972473,-0.015670262277126312,0.576144278049469,0.2790317237377167,-0.03702908009290695,0.5658687353134155,0.34980449080467224,-0.03570658713579178,0.5532643795013428,0.36386558413505554,-0.02937702275812626,0.518671452999115,0.3186679780483246,-0.024727871641516685,0.5462912917137146,0.28519660234451294,-0.04995538666844368,0.5365763306617737,0.35503309965133667,-0.03738410398364067,0.5239964723587036,0.3656318485736847,-0.022557469084858894,0.48325788974761963,0.3210809528827667,-0.033710479736328125,0.5130298733711243,0.2982085943222046,-0.05017015337944031,0.5106392502784729,0.3470754325389862,-0.03781904652714729,0.4976693391799927,0.35719534754753113,-0.02482667937874794
YES,0.6315305829048157,0.46199965476989746,-1.090500560962937e-07,0.6809579730033875,0.46719545125961304,-0.007499216124415398,0.7294017672538757,0.4282383918762207,-0.012381755746901035,0.7375332117080688,0.3787427246570587,-0.017676306888461113,0.7232263684272766,0.34279343485832214,-0.020566392689943314,0.7246600389480591,0.3534364402294159,-0.017367204651236534,0.7558080554008484,0.3036484718322754,-0.035481344908475876,0.7504817843437195,0.3503209948539734,-0.04049503058195114,0.7344521284103394,0.3786999583244324,-0.040517810732126236,0.698144793510437,0.3424159586429596,-0.02327674813568592,0.7350525856018066,0.30233803391456604,-0.04273603856563568,0.720984160900116,0.3640667200088501,-0.0434725321829319,0.7024396657943726,0.3835546672344208,-0.04006604105234146,0.6702898144721985,0.33549535274505615,-0.03061082772910595,0.7061141729354858,0.3066633343696594,-0.05167084559798241,0.6918730735778809,0.36942258477211,-0.041711073368787766,0.6750702857971191,0.3855498433113098,-0.030237767845392227,0.6381230354309082,0.3314540982246399,-0.0382288433611393,0.6750476956367493,0.3169388175010681,-0.05307558551430702,0.6689918041229248,0.36191534996032715,-0.04324841871857643,0.6535080671310425,0.37266239523887634,-0.03324412554502487
YES,0.8551252484321594,0.46597617864608765,-4.2128141330977087e-07,0.8058813214302063,0.4521142542362213,-0.013985446654260159,0.7623398900032043,0.4093319773674011,-0.020310478284955025,0.7507596611976624,0.3714490830898285,-0.027041764929890633,0.762065589427948,0.35096684098243713,-0.029080959036946297,0.7602594494819641,0.3416323661804199,-0.005464867223054171,0.7473956942558289,0.29132282733917236,-0.028048858046531677,0.7627948522567749,0.33836281299591064,-0.03680961951613426,0.770789623260498,0.36629530787467957,-0.03850419074296951,0.79194575548172,0.32750070095062256,-0.006843274924904108,0.7821807265281677,0.2844175696372986,-0.02723686955869198,0.796260416507721,0.34282130002975464,-0.029013637453317642,0.7971082329750061,0.3616514205932617,-0.02534659579396248,0.824062168598175,0.3215077519416809,-0.012208911590278149,0.8158785104751587,0.2757214307785034,-0.03242906183004379,0.8238480091094971,0.33378487825393677,-0.022780248895287514,0.8230721950531006,0.3537631630897522,-0.01121583767235279,0.8544396162033081,0.3244085907936096,-0.01901932992041111,0.8475144505500793,0.2901954650878906,-0.031010804697871208,0.848493754863739,0.3311154842376709,-0.022375522181391716,0.8469945192337036,0.3512841463088989,-0.012556929141283035
YES,0.7258053421974182,0.4519572854042053,-5.21002789355407e-07,0.6746655702590942,0.446899950504303,-0.010038251988589764,0.6219817399978638,0.4065382778644562,-0.015142880380153656,0.6074063181877136,0.3659440279006958,-0.021850217133760452,0.6237553358078003,0.33802205324172974,-0.023440347984433174,0.6271055936813354,0.32573819160461426,0.0013397788861766458,0.6002436280250549,0.2831813097000122,-0.026524242013692856,0.6153938174247742,0.33324605226516724,-0.04037994146347046,0.6288747191429138,0.36002328991889954,-0.04489852488040924,0.655852198600769,0.3136891722679138,-0.0025180517695844173,0.6313962340354919,0.27707746624946594,-0.026640700176358223,0.6476418375968933,0.33869633078575134,-0.02813611924648285,0.6590241193771362,0.3545266389846802,-0.023128692060709,0.6875678896903992,0.30750772356987,-0.011310309171676636,0.6657313704490662,0.26883620023727417,-0.033717989921569824,0.6759667992591858,0.33042508363723755,-0.021629899740219116,0.687529444694519,0.3458271324634552,-0.007612421177327633,0.7225594520568848,0.30864956974983215,-0.021691950038075447,0.7025891542434692,0.2807762324810028,-0.0330854170024395,0.7030156850814819,0.3239574134349823,-0.023041607812047005,0.7103813886642456,0.33840399980545044,-0.011952128261327744
YES,0.6219914555549622,0.4425768256187439,-5.538034315577534e-07,0.5758328437805176,0.44533929228782654,-0.008629830554127693,0.5226338505744934,0.40083861351013184,-0.01171275693923235,0.5081467032432556,0.35376909375190735,-0.016104288399219513,0.5215485692024231,0.3228285312652588,-0.015933113172650337,0.5287039875984192,0.31931912899017334,0.0016036388697102666,0.4965210556983948,0.2832306921482086,-0.02299279160797596,0.508699357509613,0.33321094512939453,-0.03355560079216957,0.5251022577285767,0.35868731141090393,-0.0366114005446434,0.5547183752059937,0.30700957775115967,-0.0025578204076737165,0.5242094397544861,0.27414780855178833,-0.026042522862553596,0.5381580591201782,0.3377981185913086,-0.02534390427172184,0.5549277067184448,0.3544917702674866,-0.01810668408870697,0.5850728154182434,0.3015264570713043,-0.011331409215927124,0.5561501979827881,0.2658275365829468,-0.03508539870381355,0.5645795464515686,0.3292224705219269,-0.022670628502964973,0.5810889005661011,0.34511271119117737,-0.007768093142658472,0.6208090782165527,0.3027716875076294,-0.021357135847210884,0.5927073359489441,0.28002017736434937,-0.036256443709135056,0.5927571654319763,0.32505589723587036,-0.027680782601237297,0.6041891574859619,0.33944544196128845,-0.01683511957526207
YES,0.529863178730011,0.44553861021995544,-5.138416554473224e-07,0.4778708219528198,0.4360763430595398,-0.005636487156152725,0.4272173345088959,0.38607752323150635,-0.007748820353299379,0.40475326776504517,0.3353704512119293,-0.012267019599676132,0.4018751084804535,0.2945362627506256,-0.01212792657315731,0.44086533784866333,0.2989695072174072,0.007685162592679262,0.4026864767074585,0.2821740508079529,-0.013207081705331802,0.414328396320343,0.33425864577293396,-0.022405356168746948,0.432589054107666,0.3468712270259857,-0.026319237425923347,0.4598434567451477,0.288933128118515,0.001685463823378086,0.4215114712715149,0.2735278010368347,-0.02027462050318718,0.43565768003463745,0.3364705443382263,-0.01897815614938736,0.4556354880332947,0.34442299604415894,-0.01224867720156908,0.48382508754730225,0.28219395875930786,-0.008670315146446228,0.44350752234458923,0.2670805752277374,-0.030109301209449768,0.45547688007354736,0.330564022064209,-0.018808497115969658,0.4782297909259796,0.33909088373184204,-0.005992407910525799,0.5132675170898438,0.281571626663208,-0.020505912601947784,0.47465378046035767,0.27168235182762146,-0.03463268280029297,0.47803962230682373,0.31624114513397217,-0.027962887659668922,0.4951757490634918,0.3267205059528351,-0.018976837396621704
YES,0.4277212619781494,0.44109833240509033,-5.312200528351241e-07,0.3813677132129669,0.4367239475250244,-0.002612227341160178,0.34135502576828003,0.391079843044281,-0.003016588045284152,0.3351007103919983,0.35002392530441284,-0.007394459098577499,0.3448536992073059,0.31774646043777466,-0.008180772885680199,0.3444788157939911,0.3190278708934784,0.01469350140541792,0.3089465796947479,0.2956051528453827,-0.0077370451763272285,0.31974703073501587,0.3418505787849426,-0.01901644840836525,0.3372347056865692,0.36272940039634705,-0.022854110226035118,0.36224761605262756,0.30609333515167236,0.007199064828455448,0.32527944445610046,0.2843709886074066,-0.016699407249689102,0.33911076188087463,0.34064993262290955,-0.018976084887981415,0.36069202423095703,0.35448136925697327,-0.012863249517977238,0.3865776062011719,0.2973155081272125,-0.004888714291155338,0.34800875186920166,0.2805032730102539,-0.027763741090893745,0.36069393157958984,0.3355870246887207,-0.019899047911167145,0.3843306303024292,0.3451288640499115,-0.007591535337269306,0.4164797067642212,0.29266244173049927,-0.018126850947737694,0.3770749270915985,0.28778791427612305,-0.03168819472193718,0.38178473711013794,0.32667598128318787,-0.025906633585691452,0.401444673538208,0.33525580167770386,-0.017032047733664513
YES,0.5627639889717102,0.2632725238800049,-5.53764778032928e-07,0.5111640095710754,0.2663765549659729,-0.003701691282913089,0.45905131101608276,0.2280420958995819,-0.004492669366300106,0.44409990310668945,0.1849967986345291,-0.008616077713668346,0.452311247587204,0.15328888595104218,-0.009861628524959087,0.4609197676181793,0.15675482153892517,0.009031946770846844,0.4335569143295288,0.1142401471734047,-0.01433092262595892,0.44857099652290344,0.1577940136194229,-0.026288071647286415,0.46526944637298584,0.18815097212791443,-0.029671985656023026,0.48608681559562683,0.14029113948345184,0.002839356195181608,0.4594763517379761,0.09937633574008942,-0.019689016044139862,0.47641411423683167,0.15796411037445068,-0.022786395624279976,0.4922378659248352,0.184131920337677,-0.017726443707942963,0.5155060887336731,0.12895382940769196,-0.007339695934206247,0.4888666570186615,0.08413731306791306,-0.030094092711806297,0.5019818544387817,0.14703863859176636,-0.021097328513860703,0.5167851448059082,0.1743217557668686,-0.007741858717054129,0.5493872165679932,0.12461721897125244,-0.018177282065153122,0.5239362120628357,0.09346310049295425,-0.032306279987096786,0.527358889579773,0.13854774832725525,-0.02429145574569702,0.5381566286087036,0.161501944065094,-0.013531371019780636
YES,0.5404996275901794,0.6822026968002319,-4.949882850269205e-07,0.4918490946292877,0.6703709363937378,-0.001174880308099091,0.4508782625198364,0.6302821636199951,-0.0028873421251773834,0.4336354434490204,0.597908079624176,-0.009258642792701721,0.4342902898788452,0.5710780620574951,-0.013226857408881187,0.45030444860458374,0.5579624772071838,0.016124486923217773,0.41435080766677856,0.5351906418800354,-0.0033086398616433144,0.4195689558982849,0.5750723481178284,-0.014636102132499218,0.43563294410705566,0.5965296626091003,-0.019259337335824966,0.4677031338214874,0.5430218577384949,0.008158417418599129,0.4308099150657654,0.5189771056175232,-0.013413690030574799,0.43893304467201233,0.5697628259658813,-0.017537016421556473,0.4578353464603424,0.5902442336082458,-0.013733189553022385,0.49201470613479614,0.5331892371177673,-0.00357958790846169,0.45173129439353943,0.5130382776260376,-0.0231417715549469,0.4598581790924072,0.5641369223594666,-0.017658457159996033,0.4802250564098358,0.582538366317749,-0.007996540516614914,0.5200832486152649,0.5298699736595154,-0.016326328739523888,0.48113498091697693,0.5246235728263855,-0.027124298736453056,0.48273682594299316,0.5585185289382935,-0.022549783810973167,0.49947747588157654,0.5708763003349304,-0.015362130478024483
YES,0.21228154003620148,0.5964211821556091,-2.569287858023017e-07,0.259154736995697,0.579727053642273,-0.010133340954780579,0.2953660190105438,0.5211108326911926,-0.011372611857950687,0.2868173122406006,0.46718350052833557,-0.01280913408845663,0.26080507040023804,0.4415256083011627,-0.011463490314781666,0.28029003739356995,0.45566070079803467,-0.006904631853103638,0.2849475145339966,0.4013928174972534,-0.02824212610721588,0.2763018012046814,0.4504896402359009,-0.03766566142439842,0.27113068103790283,0.4888584613800049,-0.04019366204738617,0.2463996261358261,0.45032864809036255,-0.009904036298394203,0.24912875890731812,0.3969084918498993,-0.03409607335925102,0.2448776811361313,0.46195515990257263,-0.037621550261974335,0.24415364861488342,0.5000434517860413,-0.03371753916144371,0.21486550569534302,0.45227810740470886,-0.015853898599743843,0.2134144902229309,0.4000900983810425,-0.040814489126205444,0.21514946222305298,0.4634768068790436,-0.03458568826317787,0.21738433837890625,0.5011000633239746,-0.023507507517933846,0.18288204073905945,0.459870308637619,-0.02247028239071369,0.18406832218170166,0.4229220747947693,-0.040060508996248245,0.18953309953212738,0.4661302864551544,-0.035055503249168396,0.19310474395751953,0.49661093950271606,-0.026668498292565346
YES,0.29793214797973633,0.5089474320411682,-1.7614721059544536e-07,0.34408673644065857,0.49627548456192017,-0.005058573558926582,0.3847707211971283,0.4557184875011444,-0.007051664870232344,0.3817216455936432,0.41052958369255066,-0.01046592928469181,0.35247477889060974,0.393063485622406,-0.012044799514114857,0.3775121867656708,0.38813772797584534,-0.004333161748945713,0.38996419310569763,0.3416728377342224,-0.019910169765353203,0.3806072175502777,0.3853597640991211,-0.02684541419148445,0.3705185055732727,0.4151535928249359,-0.0289932694286108,0.34751924872398376,0.37926188111305237,-0.010240002535283566,0.3597017228603363,0.33220213651657104,-0.026304464787244797,0.3523824214935303,0.3886241912841797,-0.028306296095252037,0.3461487293243408,0.4176366627216339,-0.025783829391002655,0.31692326068878174,0.37770575284957886,-0.01790849305689335,0.3269869089126587,0.33719679713249207,-0.03430265188217163,0.32513678073883057,0.39234644174575806,-0.02758859656751156,0.32187944650650024,0.41897085309028625,-0.018796177580952644,0.2835952639579773,0.38068050146102905,-0.025996195152401924,0.2957810163497925,0.3518698811531067,-0.03448442742228508,0.2995089888572693,0.3879294991493225,-0.02582208625972271,0.29881125688552856,0.40766891837120056,-0.017322633415460587
YES,0.5445891618728638,0.46646249294281006,-1.0395021377007652e-07,0.5899586081504822,0.4494307339191437,-0.006011142395436764,0.6229304075241089,0.40291765332221985,-0.0103327427059412,0.6184295415878296,0.35547006130218506,-0.01587698981165886,0.5993226766586304,0.326366662979126,-0.019054627045989037,0.618291437625885,0.3421795666217804,-0.009567361325025558,0.6348388195037842,0.29479265213012695,-0.02552885375916958,0.6276213526725769,0.3374307155609131,-0.031628746539354324,0.6155940294265747,0.36414098739624023,-0.033062998205423355,0.5914454460144043,0.3362502157688141,-0.015302818268537521,0.6065472960472107,0.2860274314880371,-0.030959034338593483,0.6036755442619324,0.337332546710968,-0.03306723013520241,0.5965527296066284,0.36290132999420166,-0.032001808285713196,0.5626737475395203,0.33615371584892273,-0.02269948087632656,0.5792174935340881,0.29732874035835266,-0.04078560322523117,0.578693687915802,0.34966549277305603,-0.03558681905269623,0.5721117854118347,0.3729218542575836,-0.02846071869134903,0.5316138863563538,0.3406021296977997,-0.03039245493710041,0.5525567531585693,0.3160322904586792,-0.04334520548582077,0.5563148260116577,0.3545875549316406,-0.0372016616165638,0.5506021976470947,0.37495192885398865,-0.03037930652499199
YES,0.8324359059333801,0.5315268635749817,-4.6353309812730004e-07,0.7847168445587158,0.5124452710151672,-0.026916788890957832,0.7461526989936829,0.4529740810394287,-0.043470073491334915,0.7395841479301453,0.4055246114730835,-0.05871483311057091,0.7599492073059082,0.37881842255592346,-0.06914214044809341,0.7586347460746765,0.3552883267402649,-0.021309049800038338,0.7519792318344116,0.3075941205024719,-0.05815979093313217,0.7558754086494446,0.3661211133003235,-0.07869953662157059,0.7595716714859009,0.410574734210968,-0.0876152440905571,0.797706663608551,0.3497123420238495,-0.021340394392609596,0.7930788993835449,0.2939181327819824,-0.05723286420106888,0.7951989769935608,0.3737941384315491,-0.06448809802532196,0.7974033951759338,0.41396233439445496,-0.061905283480882645,0.8371025919914246,0.3551037907600403,-0.0271766260266304,0.8359655737876892,0.3001978397369385,-0.06003560870885849,0.8330782651901245,0.3684871196746826,-0.0514872744679451,0.8313466906547546,0.4046643376350403,-0.03799118101596832,0.8766143321990967,0.37060338258743286,-0.035727325826883316,0.8783906102180481,0.32473984360694885,-0.05761184170842171,0.8698875904083252,0.36909833550453186,-0.051439318805933,0.8636254668235779,0.3961542844772339,-0.041801776736974716
YES,0.5421108603477478,0.518882155418396,-5.660253918904345e-07,0.48979783058166504,0.4826931357383728,-0.01165459118783474,0.45103690028190613,0.42692893743515015,-0.022248288616538048,0.45185819268226624,0.393150269985199,-0.035857927054166794,0.47404390573501587,0.3708990812301636,-0.045607369393110275,0.46298718452453613,0.3120380938053131,0.00723960530012846,0.42347902059555054,0.2932727038860321,-0.026119781658053398,0.4269672632217407,0.35573652386665344,-0.049780819565057755,0.4403306543827057,0.391994833946228,-0.061602771282196045,0.4950377345085144,0.29985982179641724,-0.00029438798082992435,0.4552326202392578,0.2753727436065674,-0.03187720105051994,0.45770442485809326,0.35423195362091064,-0.040745943784713745,0.4705353379249573,0.38958653807640076,-0.039351530373096466,0.5322269797325134,0.3002065122127533,-0.013370170257985592,0.4958851635456085,0.28157398104667664,-0.040412236005067825,0.4939820170402527,0.3598093092441559,-0.03228188678622246,0.5043228268623352,0.39198070764541626,-0.01994854025542736,0.5734819769859314,0.31428754329681396,-0.028728924691677094,0.5383533835411072,0.3039796054363251,-0.04230716452002525,0.5311290621757507,0.3570312559604645,-0.033604733645915985,0.5395442247390747,0.3754599690437317,-0.022798409685492516
YES,0.6105821132659912,0.6085677146911621,-9.201735338137951e-07,0.5241709351539612,0.5776833295822144,-0.03228653222322464,0.44139012694358826,0.48246529698371887,-0.054952725768089294,0.41632241010665894,0.43348753452301025,-0.08071210235357285,0.43441352248191833,0.41035616397857666,-0.09836004674434662,0.4249446392059326,0.28439977765083313,-0.009903497993946075,0.38171398639678955,0.2115008682012558,-0.07721418142318726,0.402523934841156,0.334676593542099,-0.11623738706111908,0.42826852202415466,0.41657376289367676,-0.13206781446933746,0.49173057079315186,0.26796644926071167,-0.02047249674797058,0.4498845040798187,0.17887504398822784,-0.08689994364976883,0.4643382430076599,0.33539965748786926,-0.09834382683038712,0.48567113280296326,0.40879541635513306,-0.08812926709651947,0.5646400451660156,0.2737618386745453,-0.04204167425632477,0.538094162940979,0.19065657258033752,-0.10017125308513641,0.5381675958633423,0.33329102396965027,-0.07943002134561539,0.5493351221084595,0.395824670791626,-0.0481613390147686,0.6408244967460632,0.2975006103515625,-0.06778576225042343,0.621023416519165,0.24369339644908905,-0.0978235974907875,0.6075864434242249,0.33032113313674927,-0.07865111529827118,0.609013557434082,0.3653144836425781,-0.05476498603820801
YES,0.35549190640449524,0.616486668586731,-5.574196961788402e-07,0.2903715670108795,0.5851860642433167,-0.00556601770222187,0.2554052174091339,0.527014970779419,-0.010473406873643398,0.24225234985351562,0.48397713899612427,-0.017675848677754402,0.23067136108875275,0.4440360367298126,-0.02229449152946472,0.26840531826019287,0.4116799533367157,0.00844920240342617,0.2061857432126999,0.4257020950317383,-0.016889678314328194,0.2050618827342987,0.47680795192718506,-0.03282831236720085,0.2165682315826416,0.5032601356506348,-0.03986307978630066,0.2946005165576935,0.3965868353843689,-0.0012213676236569881,0.2208108901977539,0.42023226618766785,-0.023548943921923637,0.22234053909778595,0.4881109595298767,-0.02749747224152088,0.2367975264787674,0.5093634724617004,-0.024178486317396164,0.321272611618042,0.4050113558769226,-0.014933289028704166,0.24961675703525543,0.42996835708618164,-0.03751913085579872,0.2514071762561798,0.4965488910675049,-0.028647033497691154,0.26949542760849,0.5105416178703308,-0.016927970573306084,0.3450157940387726,0.42890191078186035,-0.030214661732316017,0.2880220115184784,0.45449700951576233,-0.046215690672397614,0.28689610958099365,0.4970976710319519,-0.039199553430080414,0.30422258377075195,0.5035012364387512,-0.028453964740037918
NO,0.6874030232429504,0.66602623462677,-2.9331975071045235e-08,0.6325138211250305,0.6498509049415588,-0.015560926869511604,0.5778650045394897,0.6126378774642944,-0.025143524631857872,0.5368175506591797,0.5953088998794556,-0.03690733015537262,0.5027967095375061,0.5969648957252502,-0.04906611889600754,0.5834206938743591,0.5282605886459351,-0.00765575747936964,0.5442280769348145,0.4749344289302826,-0.022049032151699066,0.5244582891464233,0.44494420289993286,-0.0321652889251709,0.5089708566665649,0.41521039605140686,-0.03922369331121445,0.6097491383552551,0.5102729201316833,-0.013546528294682503,0.5688625574111938,0.45712900161743164,-0.033019304275512695,0.5424838662147522,0.428544819355011,-0.045667342841625214,0.5199517607688904,0.40001437067985535,-0.05183909088373184,0.6423618197441101,0.5028733015060425,-0.021968701854348183,0.6155630946159363,0.48987773060798645,-0.05154920369386673,0.6315342783927917,0.547674298286438,-0.05752021074295044,0.6470828652381897,0.5863083600997925,-0.053108181804418564,0.6771279573440552,0.5047028064727783,-0.03160643205046654,0.6501815319061279,0.49475929141044617,-0.05231289938092232,0.654137909412384,0.5379135608673096,-0.050795190036296844,0.6646273136138916,0.569792628288269,-0.04481373727321625
NO,0.559293806552887,0.5615190267562866,-5.628603716445468e-08,0.5059255361557007,0.5681536197662354,-0.009059855714440346,0.4467049241065979,0.5402742028236389,-0.016020745038986206,0.4005739390850067,0.5266189575195312,-0.027002982795238495,0.3653889298439026,0.5192574262619019,-0.03950580582022667,0.4646957516670227,0.44416525959968567,0.0026803193613886833,0.4262439012527466,0.40373659133911133,-0.00863387156277895,0.40172079205513,0.37633341550827026,-0.018959395587444305,0.3808765411376953,0.3504011332988739,-0.027023455128073692,0.4842241704463959,0.4209733009338379,-0.006204982288181782,0.4382559061050415,0.3735537528991699,-0.022004831582307816,0.4021519124507904,0.3446025848388672,-0.036457885056734085,0.3730323612689972,0.3188631236553192,-0.044870540499687195,0.5102487802505493,0.4049731194972992,-0.017126891762018204,0.46857380867004395,0.4037553071975708,-0.04125014692544937,0.4912523627281189,0.46084195375442505,-0.048614565283060074,0.5156033635139465,0.49669554829597473,-0.04700842127203941,0.5392900109291077,0.3977341651916504,-0.02906283177435398,0.4964243471622467,0.3968433439731598,-0.046405043452978134,0.5067946314811707,0.43716734647750854,-0.044950880110263824,0.5250005722045898,0.46624070405960083,-0.039900679141283035
NO,0.45031821727752686,0.5756887793540955,-1.1453946058281872e-07,0.3937355875968933,0.5682016015052795,-0.0033277724869549274,0.34153929352760315,0.5406514406204224,-0.012550441548228264,0.2932485342025757,0.5385324358940125,-0.02752477489411831,0.25566959381103516,0.5370972752571106,-0.045131389051675797,0.3732943534851074,0.44334110617637634,0.007332485634833574,0.3400765061378479,0.40480658411979675,0.0007901634671725333,0.3159990906715393,0.38268226385116577,-0.006101059261709452,0.29473093152046204,0.36105409264564514,-0.012217611074447632,0.3875935673713684,0.42342230677604675,-0.004050285089761019,0.33195507526397705,0.3850845694541931,-0.01538993138819933,0.2825826406478882,0.3623793423175812,-0.028046511113643646,0.24064874649047852,0.3414865732192993,-0.036499470472335815,0.4030148386955261,0.411310613155365,-0.01663292944431305,0.34846848249435425,0.4148716926574707,-0.03478354960680008,0.3665497899055481,0.47280263900756836,-0.042723022401332855,0.39070847630500793,0.508392333984375,-0.04394584521651268,0.4170242249965668,0.40464505553245544,-0.029927827417850494,0.36580947041511536,0.4184632897377014,-0.044241826981306076,0.3769855797290802,0.46130186319351196,-0.04486934468150139,0.3977900445461273,0.49201950430870056,-0.04254741594195366
NO,0.32043346762657166,0.6236374378204346,-2.333336368565142e-08,0.26936590671539307,0.6125913262367249,0.003197794547304511,0.2285536229610443,0.5873163938522339,-0.0032447329722344875,0.1875533014535904,0.5788173675537109,-0.01706545613706112,0.15555764734745026,0.5659639835357666,-0.03260922059416771,0.24912986159324646,0.4874843955039978,0.019219350069761276,0.2085842788219452,0.4550435245037079,0.010586043819785118,0.1776212453842163,0.42882969975471497,0.0024737857747823,0.15519410371780396,0.4075268805027008,-0.004450010135769844,0.2609259784221649,0.47041234374046326,0.003549867542460561,0.20538729429244995,0.4340803921222687,-0.007666677702218294,0.1654367446899414,0.41549399495124817,-0.018317388370633125,0.13773539662361145,0.398172527551651,-0.024836305528879166,0.27173036336898804,0.46058332920074463,-0.014125521294772625,0.2081177830696106,0.4623583257198334,-0.027680806815624237,0.2236279547214508,0.5142329335212708,-0.02919471450150013,0.24960289895534515,0.5374518632888794,-0.027258263900876045,0.2811077833175659,0.457053005695343,-0.03291228413581848,0.221643328666687,0.4699338674545288,-0.042991671711206436,0.23274379968643188,0.5084355473518372,-0.040607452392578125,0.25483131408691406,0.5286204218864441,-0.036658648401498795
NO,0.13953691720962524,0.6487857103347778,3.9015108654893993e-07,0.18797039985656738,0.6271510124206543,-0.010710706934332848,0.23963555693626404,0.5754609704017639,-0.016638780012726784,0.2829369604587555,0.5606634020805359,-0.025110913440585136,0.32055196166038513,0.5684746503829956,-0.032975442707538605,0.2187955379486084,0.5012515187263489,-0.009033876471221447,0.24537122249603271,0.4497658610343933,-0.023990312591195107,0.26004305481910706,0.41585609316825867,-0.032549623399972916,0.27266910672187805,0.3856133222579956,-0.037843093276023865,0.19000086188316345,0.48928824067115784,-0.016184451058506966,0.22256574034690857,0.43421998620033264,-0.03750375285744667,0.24588847160339355,0.4027431011199951,-0.0488390289247036,0.26372843980789185,0.37298017740249634,-0.053816091269254684,0.15702155232429504,0.4871898293495178,-0.02505139261484146,0.1893712431192398,0.4833521544933319,-0.056047406047582626,0.18564723432064056,0.5363330841064453,-0.05858143791556358,0.17679765820503235,0.5674197673797607,-0.05104789137840271,0.12492296099662781,0.49398672580718994,-0.03453390300273895,0.15764503180980682,0.4979195296764374,-0.05604533478617668,0.1584472954273224,0.5415902137756348,-0.05392271652817726,0.1505524069070816,0.5670226216316223,-0.04690944403409958
NO,0.2153165489435196,0.6529736518859863,2.747323435414728e-07,0.264616459608078,0.6323467493057251,-0.012183659709990025,0.3204119801521301,0.590327799320221,-0.021082552149891853,0.3653911054134369,0.5811737179756165,-0.0322527252137661,0.4019370675086975,0.5978590846061707,-0.04284101352095604,0.30069640278816223,0.5052075386047363,-0.015875879675149918,0.32683801651000977,0.44380196928977966,-0.032990992069244385,0.34091201424598694,0.40532928705215454,-0.0442173033952713,0.351956307888031,0.3675680458545685,-0.052659548819065094,0.2718699276447296,0.4942968487739563,-0.024929117411375046,0.30069389939308167,0.4302122890949249,-0.04732969030737877,0.31995517015457153,0.38979822397232056,-0.06046093627810478,0.3323141932487488,0.34697335958480835,-0.06826752424240112,0.23726671934127808,0.4964638948440552,-0.03529396653175354,0.2665649950504303,0.48717138171195984,-0.0644446611404419,0.2673945426940918,0.543083131313324,-0.06474647670984268,0.2610660791397095,0.5749666094779968,-0.05758542940020561,0.20375871658325195,0.5084816813468933,-0.046711135655641556,0.2337908297777176,0.5048515200614929,-0.06616795808076859,0.2391294538974762,0.5472115278244019,-0.06188547611236572,0.2338443547487259,0.5723775029182434,-0.05462680384516716
NO,0.3304290175437927,0.6065754294395447,4.925175858261355e-07,0.37199798226356506,0.5987351536750793,-0.015798019245266914,0.4262503385543823,0.5575802326202393,-0.025385845452547073,0.46912121772766113,0.5535341501235962,-0.036929111927747726,0.5037504434585571,0.5646899342536926,-0.048064205795526505,0.40297383069992065,0.46816927194595337,-0.014194278977811337,0.43305596709251404,0.41020864248275757,-0.032450512051582336,0.45164602994918823,0.3734186887741089,-0.043211400508880615,0.4666729271411896,0.34194666147232056,-0.0496770516037941,0.37773826718330383,0.45761677622795105,-0.020811641588807106,0.41220104694366455,0.3958621323108673,-0.04443998634815216,0.43744832277297974,0.36041006445884705,-0.05597687140107155,0.45728161931037903,0.3226179778575897,-0.06031614914536476,0.3465389311313629,0.45672181248664856,-0.029832419008016586,0.3887205123901367,0.44759291410446167,-0.06398595869541168,0.38258951902389526,0.504551112651825,-0.06488537788391113,0.37031030654907227,0.534853458404541,-0.05515607073903084,0.3140828609466553,0.4656103551387787,-0.03982383757829666,0.3520064055919647,0.465037077665329,-0.06406745314598083,0.35371798276901245,0.5086985230445862,-0.06003023684024811,0.3451897203922272,0.5327973365783691,-0.050778910517692566
NO,0.3168409764766693,0.6245818138122559,5.133111358190945e-07,0.35949185490608215,0.6083664298057556,-0.01507918257266283,0.4117256700992584,0.5661678910255432,-0.02496011182665825,0.4537636637687683,0.5610828399658203,-0.03733135759830475,0.48906150460243225,0.5690168738365173,-0.04896920919418335,0.3907279074192047,0.4751039445400238,-0.012142173014581203,0.42128312587738037,0.4151589870452881,-0.0316806398332119,0.44065776467323303,0.37927383184432983,-0.04326735809445381,0.45495110750198364,0.34734416007995605,-0.049813639372587204,0.36418649554252625,0.46451833844184875,-0.019672174006700516,0.4052610993385315,0.40048927068710327,-0.043576814234256744,0.4323423206806183,0.36844122409820557,-0.05373953655362129,0.45197272300720215,0.33372098207473755,-0.056561294943094254,0.3330170810222626,0.4636920094490051,-0.030076853930950165,0.37905770540237427,0.4596591889858246,-0.06520645320415497,0.3703732192516327,0.5170089602470398,-0.0647963136434555,0.3561083674430847,0.5465916395187378,-0.05342841148376465,0.3005277216434479,0.4730915129184723,-0.041544392704963684,0.34294798970222473,0.47793054580688477,-0.06539539247751236,0.34145474433898926,0.5209307074546814,-0.05977259576320648,0.32999223470687866,0.5420282483100891,-0.04915051907300949
NO,0.6448879837989807,0.6495375037193298,3.194543580775644e-07,0.5874495506286621,0.6316013336181641,-0.016857406124472618,0.5317909121513367,0.5955855846405029,-0.03213205933570862,0.48736095428466797,0.5850566029548645,-0.05047609657049179,0.4511266350746155,0.5836727023124695,-0.06897620856761932,0.5578893423080444,0.47931674122810364,-0.015302014537155628,0.5270276665687561,0.4025222063064575,-0.03608962148427963,0.5135109424591064,0.35677021741867065,-0.04991826415061951,0.5055593848228455,0.31662824749946594,-0.05815394967794418,0.5885107517242432,0.46666866540908813,-0.023545367643237114,0.5519618391990662,0.39041146636009216,-0.04678455367684364,0.5301070213317871,0.3413294553756714,-0.06183179095387459,0.5158122777938843,0.2976478934288025,-0.068565733730793,0.6238126754760742,0.47092708945274353,-0.03413212299346924,0.591221809387207,0.4610355794429779,-0.061916425824165344,0.592986524105072,0.5176661610603333,-0.06453417241573334,0.6005215644836426,0.5585693120956421,-0.05733127519488335,0.6590732336044312,0.48705074191093445,-0.04665626958012581,0.6270310878753662,0.47948694229125977,-0.0615852065384388,0.6205646395683289,0.5227645635604858,-0.054548610001802444,0.6242115497589111,0.5556870698928833,-0.04433955252170563
NO,0.7131811380386353,0.6513704061508179,5.965718141709431e-09,0.662102997303009,0.6222459673881531,-0.014554327353835106,0.6140403151512146,0.5806052684783936,-0.026800895109772682,0.5724322199821472,0.5647516250610352,-0.041784174740314484,0.5393013954162598,0.5669705867767334,-0.05750717967748642,0.636322021484375,0.505113422870636,-0.013515226542949677,0.6063706278800964,0.4448279142379761,-0.0301181860268116,0.5907750129699707,0.41190558671951294,-0.04051871970295906,0.5811606645584106,0.3812014162540436,-0.04752947390079498,0.6650247573852539,0.49170804023742676,-0.019870346412062645,0.6299896836280823,0.43479472398757935,-0.04112545773386955,0.6062881946563721,0.40357905626296997,-0.05419107899069786,0.5897348523139954,0.37493741512298584,-0.060947392135858536,0.6969252824783325,0.49001699686050415,-0.02820400334894657,0.6722704768180847,0.4795251488685608,-0.05560603737831116,0.6779112219810486,0.5356355905532837,-0.06017323583364487,0.6873470544815063,0.5754416584968567,-0.05584711208939552,0.7297153472900391,0.4968028664588928,-0.037902235984802246,0.7049707770347595,0.49161526560783386,-0.05522254481911659,0.7014200687408447,0.5334168076515198,-0.05303054302930832,0.7059365510940552,0.5666093230247498,-0.04731115326285362
NO,0.10633355379104614,0.5659205317497253,2.970389516576688e-07,0.154699444770813,0.5444932579994202,-0.010600882582366467,0.20029006898403168,0.5068337917327881,-0.015667974948883057,0.23568877577781677,0.48581212759017944,-0.02351411059498787,0.26302462816238403,0.47627049684524536,-0.030531112104654312,0.1821163147687912,0.44069841504096985,-0.0066629014909267426,0.20689761638641357,0.3898336589336395,-0.021190660074353218,0.21931569278240204,0.3577592968940735,-0.030545510351657867,0.23045489192008972,0.32765769958496094,-0.03644347935914993,0.1584962010383606,0.43061378598213196,-0.012907707132399082,0.1882040798664093,0.37991538643836975,-0.03192747011780739,0.21065327525138855,0.34615281224250793,-0.042729392647743225,0.22829118371009827,0.3162958025932312,-0.04819363355636597,0.13063552975654602,0.42960473895072937,-0.021117815747857094,0.1580790877342224,0.40707555413246155,-0.04807921499013901,0.15258802473545074,0.4519083797931671,-0.04813069477677345,0.14307649433612823,0.4856911897659302,-0.04000042378902435,0.10221011191606522,0.43644148111343384,-0.03038153052330017,0.1278608739376068,0.4291999042034149,-0.04884537681937218,0.128946915268898,0.46257132291793823,-0.04554932191967964,0.12288863956928253,0.48802649974823,-0.038112591952085495
NO,0.1880619078874588,0.5413867831230164,2.956695652756025e-07,0.23362547159194946,0.5371624827384949,-0.014404291287064552,0.28575944900512695,0.5068087577819824,-0.0197648536413908,0.3244750499725342,0.4944974184036255,-0.026148591190576553,0.3569042682647705,0.4946456253528595,-0.03138371556997299,0.27254584431648254,0.4313218295574188,-0.009929115884006023,0.300155907869339,0.3885264992713928,-0.02325737103819847,0.3162569999694824,0.3584910035133362,-0.032221175730228424,0.33068546652793884,0.3313346803188324,-0.03883461654186249,0.2491266429424286,0.41806739568710327,-0.015503187663853168,0.28153279423713684,0.36656227707862854,-0.03216000273823738,0.3085934519767761,0.3372488021850586,-0.043240342289209366,0.33099421858787537,0.31030499935150146,-0.05042114853858948,0.22046585381031036,0.4153735041618347,-0.023363007232546806,0.25305062532424927,0.39493152499198914,-0.05087551102042198,0.24943837523460388,0.44206830859184265,-0.05402296409010887,0.23967021703720093,0.4754101037979126,-0.04925640672445297,0.19051221013069153,0.42088204622268677,-0.03220471367239952,0.21906356513500214,0.41559404134750366,-0.054331813007593155,0.22025401890277863,0.45060500502586365,-0.05453907698392868,0.21330136060714722,0.4747057855129242,-0.050387103110551834
NO,0.3149890899658203,0.5042973756790161,5.016068485019787e-07,0.3561542332172394,0.5124918818473816,-0.017519036307930946,0.4167887568473816,0.49261611700057983,-0.024516914039850235,0.4585835039615631,0.4861985445022583,-0.032705243676900864,0.4909430146217346,0.49476173520088196,-0.04007243365049362,0.39886417984962463,0.41078561544418335,-0.01341494731605053,0.43291470408439636,0.3657543659210205,-0.02894153632223606,0.45871758460998535,0.33980247378349304,-0.03934473171830177,0.48263877630233765,0.3198261260986328,-0.04728982597589493,0.3807251751422882,0.3935134708881378,-0.01791234314441681,0.41979071497917175,0.3413771986961365,-0.04121747985482216,0.4533042311668396,0.31904786825180054,-0.0578247606754303,0.4790812134742737,0.29996007680892944,-0.06761277467012405,0.35603925585746765,0.3855295181274414,-0.024329373612999916,0.3996700048446655,0.3743780255317688,-0.058224935084581375,0.39116421341896057,0.42709940671920776,-0.06297992169857025,0.37760770320892334,0.461622953414917,-0.05724725127220154,0.3306802213191986,0.3863071799278259,-0.0314905047416687,0.3678550124168396,0.3919699192047119,-0.05890357866883278,0.36660999059677124,0.4326493442058563,-0.06075329706072807,0.3571161925792694,0.4585961103439331,-0.056449200958013535
NO,0.4649294912815094,0.5235885381698608,4.04245724894281e-07,0.5135793089866638,0.5254968404769897,-0.00991299282759428,0.5642052292823792,0.49952131509780884,-0.014812960289418697,0.6029051542282104,0.49288469552993774,-0.02367386408150196,0.6331073641777039,0.5040766596794128,-0.031065307557582855,0.5487909913063049,0.41196244955062866,0.0015484028263017535,0.5790726542472839,0.36690083146095276,-0.01304745301604271,0.6025867462158203,0.3400442600250244,-0.023716997355222702,0.6232457160949707,0.3175680637359619,-0.03202099725604057,0.5327812433242798,0.3980894088745117,-0.007391798309981823,0.5718013048171997,0.3443724513053894,-0.031172584742307663,0.6077715754508972,0.3173547387123108,-0.04775508493185043,0.6363996267318726,0.29339897632598877,-0.05773972347378731,0.5120397210121155,0.3905198574066162,-0.018897078931331635,0.5602605938911438,0.37761011719703674,-0.052597515285015106,0.5581077337265015,0.43754279613494873,-0.056689247488975525,0.5448629260063171,0.47750556468963623,-0.05050906166434288,0.49267813563346863,0.3927123248577118,-0.031172044575214386,0.5366804599761963,0.39681681990623474,-0.05741056427359581,0.5371383428573608,0.4391145706176758,-0.05908951908349991,0.5245723724365234,0.4666990339756012,-0.05491878092288971
NO,0.5915884971618652,0.535047173500061,3.672023183298734e-07,0.6495132446289062,0.5375388860702515,-0.003873344510793686,0.692402720451355,0.5201923847198486,-0.003985358867794275,0.733838677406311,0.5153930187225342,-0.00655390415340662,0.7545012831687927,0.5223750472068787,-0.006268302444368601,0.6774636507034302,0.4301632046699524,0.0016250067856162786,0.7131350636482239,0.383841335773468,-0.009098709560930729,0.7310419082641602,0.35444262623786926,-0.01922239549458027,0.7480385899543762,0.32784295082092285,-0.029311826452612877,0.6591811180114746,0.417136549949646,-0.008310113102197647,0.6970480680465698,0.36722928285598755,-0.03459901362657547,0.7289426326751709,0.3344205617904663,-0.058603428304195404,0.7525639533996582,0.3098217248916626,-0.07570923119783401,0.6348850727081299,0.41176217794418335,-0.018089929595589638,0.67433100938797,0.3813724219799042,-0.04581286013126373,0.6713926792144775,0.4329945147037506,-0.048314183950424194,0.6633226275444031,0.4706355035305023,-0.044209130108356476,0.6125282645225525,0.41983580589294434,-0.02841757982969284,0.650551438331604,0.4076756238937378,-0.05005491152405739,0.6506475806236267,0.4477076232433319,-0.049333229660987854,0.6396356821060181,0.47267359495162964,-0.04502289369702339
NO,0.847434937953949,0.6104666590690613,-1.667632254509499e-08,0.8037804365158081,0.5669050216674805,-0.016284285113215446,0.7629870772361755,0.5231853723526001,-0.032915856689214706,0.7232656478881836,0.505649983882904,-0.05206095427274704,0.687752366065979,0.4965183436870575,-0.07307633757591248,0.7960310578346252,0.4275381863117218,-0.018068792298436165,0.7657062411308289,0.3665931820869446,-0.03778732568025589,0.7465645670890808,0.3273703455924988,-0.052116986364126205,0.734552800655365,0.2926144599914551,-0.06204114481806755,0.8235393762588501,0.4213910698890686,-0.024265002459287643,0.7939352989196777,0.3500303030014038,-0.04708854854106903,0.7660549879074097,0.3166162669658661,-0.060936834663152695,0.7452893853187561,0.2922108769416809,-0.06766998767852783,0.8504388332366943,0.4317532181739807,-0.03217679262161255,0.8088284730911255,0.4088941514492035,-0.056393299251794815,0.7887490391731262,0.4577857553958893,-0.0609869509935379,0.7816195487976074,0.49661630392074585,-0.058275315910577774,0.8735446929931641,0.45591193437576294,-0.04209562763571739,0.830066442489624,0.44991955161094666,-0.05739981681108475,0.8075841665267944,0.4857565462589264,-0.0560314804315567,0.798440158367157,0.51767498254776,-0.051770422607660294
NO,0.737687885761261,0.5610636472702026,-1.4374752765888843e-07,0.6957926750183105,0.521058201789856,-0.013167796656489372,0.6547433733940125,0.4887527823448181,-0.03142518550157547,0.6124606132507324,0.4810989797115326,-0.054006095975637436,0.5777963399887085,0.47793564200401306,-0.07881549745798111,0.6891090869903564,0.3806810975074768,-0.01300895493477583,0.6569580435752869,0.3272629976272583,-0.03633970394730568,0.6298580169677734,0.2987118065357208,-0.05467880517244339,0.6074258089065552,0.2760867774486542,-0.0659758672118187,0.7109300494194031,0.37313729524612427,-0.02130778133869171,0.6725861430168152,0.30809515714645386,-0.04463456943631172,0.6390260457992554,0.28699004650115967,-0.060778841376304626,0.6134932041168213,0.27226534485816956,-0.06940428912639618,0.7323645949363708,0.3812749683856964,-0.031614407896995544,0.6806680560112,0.3691011071205139,-0.055591411888599396,0.665882408618927,0.4203876852989197,-0.06295257806777954,0.6617572903633118,0.4583066701889038,-0.06281456351280212,0.7502928972244263,0.40194571018218994,-0.04365233704447746,0.705344557762146,0.40424081683158875,-0.0564536526799202,0.6865084767341614,0.43850982189178467,-0.05497974157333374,0.6778677701950073,0.46584028005599976,-0.051435329020023346
NO,0.5865854620933533,0.5412102937698364,-5.702860406131549e-09,0.539624810218811,0.5273617506027222,-0.012813401408493519,0.49306046962738037,0.49475130438804626,-0.023835716769099236,0.45729830861091614,0.4777531623840332,-0.037736982107162476,0.4309489130973816,0.4625275433063507,-0.052539944648742676,0.5168477296829224,0.38078033924102783,-0.006118707824498415,0.47573956847190857,0.33374249935150146,-0.021285027265548706,0.44605058431625366,0.2973358631134033,-0.03472527861595154,0.42369964718818665,0.2707764208316803,-0.044388171285390854,0.5351442694664001,0.36868906021118164,-0.012937122024595737,0.4841388463973999,0.3192856013774872,-0.031206117942929268,0.4463730454444885,0.289691686630249,-0.04722309857606888,0.41763702034950256,0.2732272446155548,-0.05611277371644974,0.554628849029541,0.37396854162216187,-0.02114240825176239,0.48919910192489624,0.3741687834262848,-0.04133432358503342,0.4792828857898712,0.4258725345134735,-0.046659670770168304,0.48252928256988525,0.46982258558273315,-0.04486681520938873,0.5704193711280823,0.3944292664527893,-0.03148331865668297,0.5139836072921753,0.40598323941230774,-0.04604775831103325,0.4979315400123596,0.43832167983055115,-0.04578469321131706,0.49339762330055237,0.4698950946331024,-0.041541874408721924
NO,0.49635034799575806,0.5252577662467957,-3.724956627593201e-07,0.4425278306007385,0.5072466135025024,-0.0014403052628040314,0.40652045607566833,0.48501038551330566,-0.01234936062246561,0.3658396005630493,0.47750741243362427,-0.02824419178068638,0.33403873443603516,0.4681825041770935,-0.04834768548607826,0.4434691071510315,0.3719245195388794,-0.0006625673267990351,0.39363712072372437,0.3372184932231903,-0.013797895982861519,0.3540825843811035,0.3212015926837921,-0.026850415393710136,0.3258899450302124,0.3119407892227173,-0.0356796495616436,0.4560035765171051,0.3582949936389923,-0.010707270354032516,0.3848828673362732,0.35282835364341736,-0.024828650057315826,0.3714762330055237,0.39170733094215393,-0.036902669817209244,0.36956387758255005,0.42403075098991394,-0.04300147294998169,0.46448537707328796,0.3549076318740845,-0.021184736862778664,0.3858533501625061,0.3715088963508606,-0.033293407410383224,0.38499775528907776,0.42725643515586853,-0.03889024257659912,0.3975369334220886,0.4668087363243103,-0.04085530713200569,0.46693071722984314,0.35933056473731995,-0.03263002261519432,0.39960867166519165,0.38012659549713135,-0.041095566004514694,0.3928403854370117,0.4186198115348816,-0.04090486094355583,0.39999914169311523,0.44965749979019165,-0.038883011788129807
NO,0.6149839162826538,0.7648190259933472,1.3878137750111819e-08,0.5641665458679199,0.7633288502693176,-0.010098736733198166,0.5175917744636536,0.7455717325210571,-0.021143466234207153,0.47618958353996277,0.7504394054412842,-0.03554600104689598,0.44297873973846436,0.7527499794960022,-0.05047154799103737,0.5180006623268127,0.6445059180259705,-0.003956063650548458,0.47324371337890625,0.6162159442901611,-0.01916681043803692,0.4412698745727539,0.5970740914344788,-0.03168191760778427,0.4147260785102844,0.5799551010131836,-0.04106501117348671,0.5361455082893372,0.6251100301742554,-0.012429581955075264,0.48170334100723267,0.5935887098312378,-0.03145299851894379,0.4433611333370209,0.579953134059906,-0.04645569249987602,0.41377443075180054,0.570529043674469,-0.054777663201093674,0.5584551692008972,0.6182763576507568,-0.022544026374816895,0.5060551166534424,0.6325016021728516,-0.0435335636138916,0.5090713500976562,0.6832375526428223,-0.04651821404695511,0.5170459151268005,0.7183743119239807,-0.04293685778975487,0.5793669819831848,0.6242556571960449,-0.03448263183236122,0.5345535278320312,0.6473265290260315,-0.048196882009506226,0.5296170711517334,0.687964677810669,-0.04623933508992195,0.5321266651153564,0.7200000286102295,-0.04105517268180847
NO,0.8477776050567627,0.5633105039596558,1.7595826307115203e-07,0.806084394454956,0.5631632804870605,-0.012365644797682762,0.7652590274810791,0.5429441332817078,-0.023204104974865913,0.7344950437545776,0.5312692523002625,-0.035842251032590866,0.7072302103042603,0.5297489166259766,-0.048529885709285736,0.7657468914985657,0.462785542011261,-0.013142695650458336,0.7387075424194336,0.4122985303401947,-0.03224187716841698,0.7139760851860046,0.3833909034729004,-0.04438262805342674,0.6940021514892578,0.3642521798610687,-0.05074785649776459,0.7878742814064026,0.447607159614563,-0.01970178633928299,0.7555350661277771,0.3838217556476593,-0.04451268911361694,0.7246617674827576,0.36419326066970825,-0.05806228518486023,0.7022387981414795,0.35555359721183777,-0.06049683690071106,0.8137502074241638,0.443027526140213,-0.02740883082151413,0.7818663120269775,0.4407716393470764,-0.04964705929160118,0.7820078730583191,0.4825778603553772,-0.050335075706243515,0.7901065349578857,0.5107079148292542,-0.042637355625629425,0.8407718539237976,0.4484095871448517,-0.03663574904203415,0.8100642561912537,0.45748162269592285,-0.04736065864562988,0.8053796291351318,0.49243855476379395,-0.04093774035573006,0.8105741739273071,0.5167024731636047,-0.031541477888822556
NO,0.6783972382545471,0.6095215678215027,2.44339702248908e-07,0.6404901742935181,0.6167097687721252,-0.005784682463854551,0.6099087595939636,0.6026417016983032,-0.016026372089982033,0.5793339610099792,0.5939499139785767,-0.02976929396390915,0.5518882870674133,0.5887796878814697,-0.04425740987062454,0.5936320424079895,0.5111227631568909,-0.004605025518685579,0.5658605694770813,0.475397527217865,-0.01783844642341137,0.5398650169372559,0.44725847244262695,-0.029382940381765366,0.5228939652442932,0.4259002208709717,-0.038602910935878754,0.6117628216743469,0.48927706480026245,-0.014180350117385387,0.5688294768333435,0.45420944690704346,-0.027306780219078064,0.5398540496826172,0.42849016189575195,-0.03965757042169571,0.5213505029678345,0.41232532262802124,-0.04750319942831993,0.6328313946723938,0.4838874936103821,-0.024214617908000946,0.5785448551177979,0.4957764446735382,-0.035126328468322754,0.5793963074684143,0.5411365628242493,-0.03280598297715187,0.5915424227714539,0.5692538022994995,-0.02916933223605156,0.6524874567985535,0.49353325366973877,-0.036099813878536224,0.6078894138336182,0.524070143699646,-0.04538554325699806,0.6068934202194214,0.561545193195343,-0.04212062433362007,0.6182413101196289,0.5872265100479126,-0.03735042363405228
NO,0.5423399209976196,0.6159766316413879,2.306069006863254e-07,0.5031461119651794,0.6312991380691528,-0.006455345544964075,0.47223302721977234,0.6176069378852844,-0.015128256753087044,0.44134408235549927,0.6125093698501587,-0.02638481929898262,0.4148526191711426,0.6148669719696045,-0.03805926442146301,0.4661046266555786,0.5299633145332336,-0.007241308223456144,0.4322463274002075,0.4982338845729828,-0.021929090842604637,0.40351080894470215,0.47241494059562683,-0.03428317978978157,0.38337576389312744,0.4534450173377991,-0.04375801235437393,0.47721877694129944,0.5140802264213562,-0.014904353767633438,0.4341663718223572,0.4851391613483429,-0.031055884435772896,0.40091532468795776,0.4668526351451874,-0.0442388653755188,0.38051995635032654,0.4543631672859192,-0.051904283463954926,0.4895157516002655,0.5127080082893372,-0.022890180349349976,0.43832847476005554,0.5338203310966492,-0.03500374034047127,0.4427124559879303,0.5702145099639893,-0.03162449970841408,0.45795348286628723,0.5879994630813599,-0.026644397526979446,0.4997742176055908,0.5250381827354431,-0.032777998596429825,0.4600830674171448,0.5615718960762024,-0.042389146983623505,0.46710318326950073,0.5920849442481995,-0.03841079771518707,0.48367422819137573,0.6080161333084106,-0.03267427161335945
NO,0.8868317008018494,0.865870475769043,1.6392991142311075e-07,0.7902633547782898,0.8394583463668823,-0.01755872182548046,0.7076424360275269,0.7955606579780579,-0.0408710241317749,0.6384378671646118,0.7883075475692749,-0.07067392766475677,0.5835031270980835,0.7968863844871521,-0.1004767119884491,0.7153643369674683,0.6513792872428894,-0.025659238919615746,0.6481539011001587,0.5616950392723083,-0.06435460597276688,0.6082025766372681,0.5116414427757263,-0.09057649970054626,0.5709781646728516,0.4709687829017639,-0.10889734327793121,0.7590709328651428,0.6201657652854919,-0.04502659663558006,0.682319700717926,0.5241725444793701,-0.09802110493183136,0.6193374395370483,0.4925643503665924,-0.130715012550354,0.5654387474060059,0.4735386371612549,-0.14515317976474762,0.8078842759132385,0.6213670969009399,-0.06592325121164322,0.7273302674293518,0.6459862589836121,-0.10987913608551025,0.7440271377563477,0.7353603839874268,-0.10835343599319458,0.7683787941932678,0.7845531105995178,-0.0957450345158577,0.8513100147247314,0.6486084461212158,-0.09033402800559998,0.784165620803833,0.7100083827972412,-0.11310570687055588,0.7872866988182068,0.7726465463638306,-0.10477051138877869,0.8060519695281982,0.8036078214645386,-0.09281057119369507
PLEASE,0.42660999298095703,0.8107364773750305,1.5614658366303047e-07,0.43123072385787964,0.720680832862854,-0.0053653172217309475,0.4033748507499695,0.6507615447044373,-0.01390146929770708,0.3798156976699829,0.5881034731864929,-0.022691911086440086,0.3707711100578308,0.5363028049468994,-0.031627316027879715,0.3194761276245117,0.676302969455719,-0.016832608729600906,0.25697076320648193,0.6588972210884094,-0.01952916942536831,0.21793055534362793,0.6553027629852295,-0.024996982887387276,0.1892206072807312,0.651945173740387,-0.03126935288310051,0.30146658420562744,0.7280094623565674,-0.01640758290886879,0.29915422201156616,0.710094690322876,-0.01085567381232977,0.3219878673553467,0.7066713571548462,-0.0064954678528010845,0.3405379354953766,0.71066814661026,-0.009264850057661533,0.3032223880290985,0.7817450761795044,-0.014862154610455036,0.31023067235946655,0.7552921772003174,-0.010590998455882072,0.32818183302879333,0.7549694180488586,-0.003466259455308318,0.34258967638015747,0.764915943145752,-0.003646132303401828,0.30993568897247314,0.8235362768173218,-0.014030614867806435,0.3152870535850525,0.7990584373474121,-0.008982340805232525,0.3322027623653412,0.7972157001495361,-0.0004831554542761296,0.34513959288597107,0.8028539419174194,0.00332468980923295
PLEASE,0.5886300206184387,0.7254588603973389,6.440017852327173e-09,0.5880745649337769,0.6532782912254333,-0.0034590978175401688,0.5594176054000854,0.5947575569152832,-0.011566071771085262,0.53534334897995,0.5399167537689209,-0.019050734117627144,0.5332764983177185,0.49268317222595215,-0.027599841356277466,0.49873173236846924,0.6169681549072266,-0.028521448373794556,0.4353586435317993,0.6104710698127747,-0.03845740109682083,0.39657455682754517,0.6092772483825684,-0.045069966465234756,0.36722931265830994,0.6078925728797913,-0.05053740367293358,0.48514431715011597,0.6608881950378418,-0.028842611238360405,0.4618667662143707,0.6689261794090271,-0.030071133747696877,0.48317137360572815,0.6736717224121094,-0.023120352998375893,0.5035808682441711,0.675386369228363,-0.021638864651322365,0.48509418964385986,0.7075461745262146,-0.02789446897804737,0.47500941157341003,0.7061410546302795,-0.0305602066218853,0.49248266220092773,0.7084082961082458,-0.023541541770100594,0.5100502967834473,0.71131831407547,-0.021221207454800606,0.4881608188152313,0.7459514141082764,-0.026674902066588402,0.48383161425590515,0.7406740188598633,-0.027621900662779808,0.5016546249389648,0.7419276237487793,-0.021125245839357376,0.51683109998703,0.7422742247581482,-0.01709565334022045
PLEASE,0.34866321086883545,0.6888073086738586,4.2948226308681114e-08,0.36137497425079346,0.6130221486091614,-0.007171201519668102,0.33923766016960144,0.5515991449356079,-0.015688743442296982,0.31982699036598206,0.4960883855819702,-0.023961098864674568,0.31086310744285583,0.45117875933647156,-0.032827023416757584,0.25754421949386597,0.5717225670814514,-0.020505109801888466,0.2030569463968277,0.5575235486030579,-0.02584027126431465,0.1674436628818512,0.5520564317703247,-0.032070182263851166,0.14183375239372253,0.5493054389953613,-0.03807089105248451,0.23911501467227936,0.6128952503204346,-0.019854487851262093,0.24203933775424957,0.6128334999084473,-0.019196340814232826,0.2626599967479706,0.6190550327301025,-0.015560291707515717,0.27815839648246765,0.6253561973571777,-0.01666940189898014,0.23893333971500397,0.6608359813690186,-0.018542543053627014,0.24636581540107727,0.6518348455429077,-0.01887672021985054,0.2624470591545105,0.6554965972900391,-0.014032647013664246,0.2767699658870697,0.6626017093658447,-0.013893887400627136,0.24215035140514374,0.6998370885848999,-0.017922069877386093,0.2479582279920578,0.6916780471801758,-0.017599791288375854,0.26361092925071716,0.6918702721595764,-0.012505406513810158,0.276667982339859,0.6944646239280701,-0.0097475815564394
PLEASE,0.4016413986682892,0.5977305769920349,-7.145319003143413e-09,0.4044346809387207,0.5235593914985657,-0.008100229315459728,0.38349175453186035,0.4608776867389679,-0.017862213775515556,0.36583754420280457,0.4090472459793091,-0.027916910126805305,0.3591543734073639,0.3659159541130066,-0.03887255862355232,0.31156861782073975,0.476729154586792,-0.022652801126241684,0.2535993754863739,0.4708597660064697,-0.035232752561569214,0.21713323891162872,0.4695795178413391,-0.04608924314379692,0.1887347251176834,0.4681066572666168,-0.054810069501399994,0.29570066928863525,0.5121965408325195,-0.025185607373714447,0.2887954115867615,0.5241871476173401,-0.03396311774849892,0.31078824400901794,0.5346618294715881,-0.034525200724601746,0.3285495638847351,0.538109540939331,-0.03687781095504761,0.2932972311973572,0.5566814541816711,-0.027457736432552338,0.29322269558906555,0.5649116635322571,-0.036550648510456085,0.3102278709411621,0.572787880897522,-0.03011971525847912,0.32595404982566833,0.5748323202133179,-0.026715926826000214,0.29433929920196533,0.5963559746742249,-0.03067205660045147,0.2965821325778961,0.6024421453475952,-0.03774864599108696,0.3141014277935028,0.6071946620941162,-0.03153640404343605,0.3270416855812073,0.6078489422798157,-0.025936871767044067
PLEASE,0.5416452288627625,0.6237010955810547,7.002054047688944e-08,0.5372795462608337,0.5567948818206787,-0.005750995595008135,0.5106743574142456,0.5002867579460144,-0.013186231255531311,0.4903565049171448,0.4507620334625244,-0.020280683413147926,0.4862808883190155,0.40812578797340393,-0.028607657179236412,0.453036367893219,0.5239949822425842,-0.020994659513235092,0.3933355510234833,0.5220822691917419,-0.02835928648710251,0.35603058338165283,0.52121901512146,-0.033963125199079514,0.3273901343345642,0.517950177192688,-0.03950973227620125,0.44247201085090637,0.5638806819915771,-0.02237517759203911,0.414348840713501,0.5753978490829468,-0.02708965726196766,0.4355548918247223,0.5799310803413391,-0.024570047855377197,0.4573722183704376,0.579098641872406,-0.024740353226661682,0.4424313008785248,0.6077688336372375,-0.023118147626519203,0.4268108010292053,0.6107124090194702,-0.02998674474656582,0.4452831447124481,0.6139393448829651,-0.02547844499349594,0.4640026092529297,0.6140384674072266,-0.02339990623295307,0.4447419345378876,0.6449218392372131,-0.02392825298011303,0.4362856149673462,0.6423912644386292,-0.029811182990670204,0.4555371105670929,0.6442862749099731,-0.02566857449710369,0.4723236560821533,0.6436701416969299,-0.02223080024123192
PLEASE,0.06493441015481949,0.6731353998184204,1.4475590148776973e-07,0.0741012692451477,0.6090268492698669,-0.0032372327987104654,0.09719841182231903,0.5558003783226013,-0.01716412790119648,0.10645215213298798,0.5044171810150146,-0.03157927840948105,0.10281085968017578,0.4608868360519409,-0.04783587157726288,0.15070541203022003,0.5623281598091125,-0.026581568643450737,0.20584042370319366,0.5585098266601562,-0.037863150238990784,0.24126552045345306,0.553561806678772,-0.04475349560379982,0.26916205883026123,0.5509080290794373,-0.050707682967185974,0.15727989375591278,0.6029855608940125,-0.032903145998716354,0.21106986701488495,0.6090436577796936,-0.043754082173109055,0.19042658805847168,0.6142265796661377,-0.04227295517921448,0.16493533551692963,0.614775538444519,-0.039183393120765686,0.15638367831707,0.6466280221939087,-0.03782958909869194,0.19818100333213806,0.6455683708190918,-0.041368450969457626,0.1788587123155594,0.6533477306365967,-0.03152069076895714,0.1570955216884613,0.6554758548736572,-0.025293052196502686,0.15204423666000366,0.687956690788269,-0.043152615427970886,0.18431806564331055,0.6805569529533386,-0.04441273212432861,0.16493314504623413,0.686002254486084,-0.03444986790418625,0.1460145264863968,0.6890721321105957,-0.026812855154275894
PLEASE,0.1453668624162674,0.5943604707717896,7.369290955239194e-08,0.15926748514175415,0.523820698261261,7.22772820154205e-05,0.18322058022022247,0.4694775640964508,-0.012371051125228405,0.19262756407260895,0.41030240058898926,-0.026221664622426033,0.18752019107341766,0.3630011975765228,-0.04148007556796074,0.2498365342617035,0.48715636134147644,-0.01875494047999382,0.31047648191452026,0.489132821559906,-0.024293532595038414,0.34563666582107544,0.4882628619670868,-0.02660563960671425,0.3727431297302246,0.48866868019104004,-0.0294134933501482,0.2588382363319397,0.5298172235488892,-0.02289743721485138,0.2981725037097931,0.540128767490387,-0.023844337090849876,0.2767089605331421,0.5429065823554993,-0.01661299541592598,0.2508664131164551,0.5406882166862488,-0.011728106066584587,0.2569332420825958,0.5729172825813293,-0.025861507281661034,0.27986660599708557,0.572941243648529,-0.019799521192908287,0.2602609097957611,0.5795283317565918,-0.009691446088254452,0.238522008061409,0.5793138742446899,-0.005825086962431669,0.2518441677093506,0.6122881770133972,-0.029357001185417175,0.2643278241157532,0.6061205267906189,-0.0213441401720047,0.24560397863388062,0.6096823215484619,-0.011683325283229351,0.22798149287700653,0.6102736592292786,-0.005979607347398996
PLEASE,0.3097400665283203,0.6842384338378906,1.843722827743477e-07,0.30783432722091675,0.6082931160926819,-0.0083756223320961,0.3211127519607544,0.5481729507446289,-0.021927691996097565,0.3227587342262268,0.49126702547073364,-0.03598431870341301,0.31685227155685425,0.44932693243026733,-0.051401302218437195,0.4013092517852783,0.5639793872833252,-0.021067705005407333,0.45432183146476746,0.5522030591964722,-0.02762661874294281,0.48907604813575745,0.548005223274231,-0.03261633217334747,0.5147395133972168,0.5475120544433594,-0.03724436089396477,0.41568511724472046,0.6023074388504028,-0.02162661962211132,0.45109057426452637,0.6063930988311768,-0.024116473272442818,0.4383361339569092,0.6085662245750427,-0.021984750404953957,0.4168589413166046,0.6118210554122925,-0.020267769694328308,0.41762909293174744,0.6416031122207642,-0.02195313386619091,0.43224117159843445,0.6417169570922852,-0.020155902951955795,0.4157719910144806,0.6472343802452087,-0.01694749854505062,0.39629828929901123,0.6514471173286438,-0.016228603199124336,0.41446030139923096,0.6781271696090698,-0.02366514317691326,0.41886377334594727,0.6805394291877747,-0.022292006760835648,0.40408092737197876,0.6887990832328796,-0.01931805908679962,0.3886778652667999,0.6949732303619385,-0.016858909279108047
PLEASE,0.4112357497215271,0.686363935470581,-8.810931007019462e-08,0.4053924083709717,0.6126474738121033,-0.01209309883415699,0.4197932481765747,0.5529070496559143,-0.023810656741261482,0.42685967683792114,0.4987133741378784,-0.035049475729465485,0.4307677149772644,0.45972517132759094,-0.047896858304739,0.4926816523075104,0.5654598474502563,-0.01938905566930771,0.5372440218925476,0.5518216490745544,-0.02139510028064251,0.5663446187973022,0.5454615950584412,-0.024966059252619743,0.5870064496994019,0.5417574644088745,-0.029547614976763725,0.5104867815971375,0.6035058498382568,-0.01703844778239727,0.5026740431785583,0.5898770689964294,-0.01778804510831833,0.4834977388381958,0.5947965979576111,-0.019033605232834816,0.4679831266403198,0.6049928665161133,-0.0217590294778347,0.5127416253089905,0.643269956111908,-0.014295709319412708,0.501918375492096,0.6266791224479675,-0.01258738711476326,0.48427292704582214,0.6319213509559631,-0.011785140261054039,0.4701186716556549,0.6409114599227905,-0.01403763983398676,0.5107113122940063,0.6801960468292236,-0.012917013838887215,0.5034269094467163,0.6633714437484741,-0.011302909813821316,0.48722681403160095,0.6644171476364136,-0.008131656795740128,0.4728085696697235,0.6714515089988708,-0.0059781791642308235
PLEASE,0.1134050115942955,0.6769276857376099,1.1025642265849456e-07,0.11227460950613022,0.6074411273002625,-0.006298908032476902,0.12052495777606964,0.5521131157875061,-0.019073612987995148,0.11652471870183945,0.5000869631767273,-0.03323405981063843,0.10530736297369003,0.46229732036590576,-0.048973023891448975,0.20397740602493286,0.5563053488731384,-0.01751694828271866,0.2579546868801117,0.5366129875183105,-0.023182028904557228,0.2927415370941162,0.5290348529815674,-0.026996737346053123,0.31932276487350464,0.525005578994751,-0.03102065809071064,0.21566186845302582,0.5883804559707642,-0.019528843462467194,0.250956654548645,0.5820621252059937,-0.02113654837012291,0.23347103595733643,0.5868465304374695,-0.01695454679429531,0.21228381991386414,0.5923188328742981,-0.014287988655269146,0.21791759133338928,0.6260910630226135,-0.021492524072527885,0.23628641664981842,0.6223734617233276,-0.01803477667272091,0.21857906877994537,0.6312412619590759,-0.01208756398409605,0.20225799083709717,0.6354467868804932,-0.010119600221514702,0.21682050824165344,0.6636613011360168,-0.024802112951874733,0.23134873807430267,0.6570292711257935,-0.01954139769077301,0.21590954065322876,0.663133978843689,-0.012265105731785297,0.20229780673980713,0.6669502258300781,-0.007781499996781349
PLEASE,0.31626561284065247,0.7212297320365906,1.0643248060659971e-07,0.3048935532569885,0.6452481150627136,-0.009570305235683918,0.31359708309173584,0.5897905230522156,-0.02522086165845394,0.31408852338790894,0.5387771725654602,-0.041298650205135345,0.3078305423259735,0.4993000030517578,-0.059134017676115036,0.4012051522731781,0.5985420942306519,-0.029767710715532303,0.45660585165023804,0.584385871887207,-0.03953060507774353,0.4949767291545868,0.5798798203468323,-0.04891901835799217,0.5233016610145569,0.577643871307373,-0.05744007229804993,0.4190957844257355,0.6350486278533936,-0.031181693077087402,0.41797277331352234,0.6411802768707275,-0.03880760073661804,0.39910972118377686,0.6505570411682129,-0.03955824300646782,0.3844134211540222,0.6572486162185669,-0.04149150475859642,0.42094704508781433,0.6757670640945435,-0.031781066209077835,0.41180533170700073,0.676211416721344,-0.03383767232298851,0.3959914743900299,0.6848931312561035,-0.028611235320568085,0.3824837803840637,0.6897522211074829,-0.02766464836895466,0.41749370098114014,0.7134906053543091,-0.03401299566030502,0.4090557396411896,0.7142864465713501,-0.03431256487965584,0.3927499055862427,0.7188601493835449,-0.02835487574338913,0.37965822219848633,0.7213969230651855,-0.023832431063055992
PLEASE,0.49874788522720337,0.7309736609458923,3.387863500847743e-08,0.48242995142936707,0.6532865166664124,-0.009915400296449661,0.4889068603515625,0.5990425944328308,-0.024070406332612038,0.4907383322715759,0.5510937571525574,-0.0388496108353138,0.4872320294380188,0.5142918825149536,-0.05594659969210625,0.568108320236206,0.599838137626648,-0.027182139456272125,0.6203840374946594,0.579127848148346,-0.03742602467536926,0.6574357151985168,0.5674127340316772,-0.047307442873716354,0.6838651299476624,0.5607884526252747,-0.05584253743290901,0.5899142026901245,0.6366318464279175,-0.027419473975896835,0.5799352526664734,0.6302253603935242,-0.033241987228393555,0.5622004866600037,0.6387926936149597,-0.034401293843984604,0.5515100955963135,0.6503702402114868,-0.037008319050073624,0.5950031280517578,0.6771234273910522,-0.027098076418042183,0.5770575404167175,0.666329026222229,-0.027640588581562042,0.5612799525260925,0.6753076910972595,-0.023346835747361183,0.5509151816368103,0.6850709319114685,-0.023540157824754715,0.5941304564476013,0.7143774628639221,-0.02853967621922493,0.5768396258354187,0.7071137428283691,-0.02868461050093174,0.5611864328384399,0.7130676507949829,-0.023768097162246704,0.5506650805473328,0.7213643789291382,-0.020061874762177467
PLEASE,0.6284969449043274,0.7272549271583557,-2.5905757539135266e-09,0.6182559728622437,0.6476076245307922,-0.008915897458791733,0.6296110153198242,0.5921429395675659,-0.019091913476586342,0.6384220719337463,0.5461292266845703,-0.02948504500091076,0.6397153735160828,0.5111547708511353,-0.04133118316531181,0.7041910290718079,0.6030734777450562,-0.017857929691672325,0.7499085664749146,0.5862338542938232,-0.021972188726067543,0.7819927930831909,0.5792539119720459,-0.027548179030418396,0.8060276508331299,0.5764049291610718,-0.0334266759455204,0.7221028208732605,0.6416805386543274,-0.01801314949989319,0.7088222503662109,0.6407967209815979,-0.019686317071318626,0.6917566657066345,0.6481514573097229,-0.02092612162232399,0.681423008441925,0.657783031463623,-0.02388191781938076,0.7215861678123474,0.6812926530838013,-0.01769632287323475,0.704998791217804,0.6738107204437256,-0.01691821962594986,0.6902294158935547,0.6793438196182251,-0.014653914608061314,0.6799940466880798,0.6870833039283752,-0.015974029898643494,0.7160946726799011,0.7168292999267578,-0.018764948472380638,0.7005669474601746,0.7106232643127441,-0.016895633190870285,0.6870598196983337,0.7132870554924011,-0.012557730078697205,0.677254319190979,0.71905118227005,-0.009667566977441311
PLEASE,0.8081953525543213,0.7412853240966797,-4.6654896834752435e-08,0.8012436628341675,0.6585438251495361,-0.0032261412125080824,0.7759087681770325,0.5854811072349548,-0.011107880622148514,0.7647024393081665,0.5224204063415527,-0.019264856353402138,0.7688718438148499,0.4755632281303406,-0.02907533012330532,0.7007521390914917,0.6027606129646301,-0.02031007967889309,0.6293349862098694,0.5997267961502075,-0.026235753670334816,0.5883243083953857,0.6056193113327026,-0.03387167304754257,0.5565614700317383,0.6068586111068726,-0.041276782751083374,0.6891037225723267,0.6465529799461365,-0.02253737859427929,0.6480695605278015,0.6633983850479126,-0.022209102287888527,0.6694053411483765,0.668940544128418,-0.02081100456416607,0.6937909722328186,0.6675992608070374,-0.02429950423538685,0.6902928352355957,0.6948245167732239,-0.023149870336055756,0.6630435585975647,0.7009109258651733,-0.025254495441913605,0.6822561621665955,0.703074038028717,-0.02137737162411213,0.704238772392273,0.7038912773132324,-0.021991491317749023,0.6951775550842285,0.734230637550354,-0.023726945742964745,0.6783867478370667,0.7363511323928833,-0.02682519517838955,0.6988024711608887,0.7389347553253174,-0.02129562944173813,0.7193472385406494,0.739271342754364,-0.017798665910959244
PLEASE,0.5616354942321777,0.7613282799720764,1.278688728234556e-07,0.5748739242553711,0.666660487651825,-0.004187533166259527,0.5560998916625977,0.5852916240692139,-0.010363148525357246,0.5441966652870178,0.5236200094223022,-0.01751755177974701,0.5463449358940125,0.4744722843170166,-0.025009801611304283,0.4635365605354309,0.6031012535095215,-0.007033830508589745,0.3999418616294861,0.5982897281646729,-0.009899028576910496,0.3551487326622009,0.5971474051475525,-0.02004742994904518,0.32058489322662354,0.594354510307312,-0.030697351321578026,0.4444221258163452,0.650740385055542,-0.008912181481719017,0.4411381483078003,0.6524860858917236,-0.006223494186997414,0.4652652144432068,0.6575894951820374,-0.008793039247393608,0.4832250475883484,0.6655446290969849,-0.01574612408876419,0.4451460838317871,0.7064837217330933,-0.009677240625023842,0.44967415928840637,0.6957946419715881,-0.009446030482649803,0.4697062373161316,0.6983268857002258,-0.0054132575169205666,0.4853726923465729,0.7088839411735535,-0.006430651526898146,0.45157498121261597,0.750432550907135,-0.011132701300084591,0.4578621983528137,0.7398116588592529,-0.011058681644499302,0.47734686732292175,0.7412859797477722,-0.003365714568644762,0.4912538230419159,0.7467742562294006,0.0011988922487944365
PLEASE,0.43746787309646606,0.780152440071106,-1.1912638342437276e-07,0.4532579481601715,0.6782922148704529,-0.005930288229137659,0.4319835901260376,0.5903218984603882,-0.011720305308699608,0.4214688241481781,0.5249688029289246,-0.017200956121087074,0.42596951127052307,0.47245967388153076,-0.02224132791161537,0.3510526120662689,0.5964369177818298,-0.013628972694277763,0.27803751826286316,0.5934109091758728,-0.01987348683178425,0.22495776414871216,0.6035163998603821,-0.03145933896303177,0.18278340995311737,0.6079264879226685,-0.040977850556373596,0.32883965969085693,0.6433433890342712,-0.013382604345679283,0.29465776681900024,0.6623032689094543,-0.008250870741903782,0.3072855770587921,0.6697731018066406,-0.00878982339054346,0.32330167293548584,0.673994243144989,-0.014814585447311401,0.326023668050766,0.6973265409469604,-0.011968288570642471,0.3191874027252197,0.6990311145782471,-0.007345797494053841,0.3454824686050415,0.6946154832839966,-1.8709046344156377e-05,0.3674275279045105,0.6926884055137634,0.00027883771690540016,0.330069899559021,0.7407152056694031,-0.011534087359905243,0.3267560601234436,0.7396571636199951,-0.01056201383471489,0.3496236205101013,0.7409383654594421,-0.00016078673070296645,0.36983856558799744,0.7404816150665283,0.007039574906229973
PLEASE,0.27087876200675964,0.6924425363540649,7.421596848189438e-08,0.29555752873420715,0.6047881841659546,-0.012454424984753132,0.2811740040779114,0.5216371417045593,-0.02077476866543293,0.2735241949558258,0.45903247594833374,-0.02709057554602623,0.2787667512893677,0.40947863459587097,-0.03320426866412163,0.20163752138614655,0.5411219596862793,-0.015988297760486603,0.15617486834526062,0.535584032535553,-0.020093055441975594,0.12235338985919952,0.5379432439804077,-0.02927333675324917,0.09228521585464478,0.5411563515663147,-0.03747661039233208,0.17465424537658691,0.5789307355880737,-0.011294587515294552,0.17900188267230988,0.587776243686676,-0.007184891030192375,0.20305848121643066,0.5952566862106323,-0.010286577045917511,0.21768461167812347,0.6023896932601929,-0.017576292157173157,0.16594034433364868,0.6229949593544006,-0.005739057902246714,0.17277073860168457,0.6212026476860046,-0.0009823375148698688,0.19228090345859528,0.6246781349182129,0.002629162510856986,0.20588728785514832,0.6305127143859863,0.00048796855844557285,0.16438931226730347,0.6580966114997864,-0.0016634901985526085,0.17070141434669495,0.6529987454414368,0.0011197127168998122,0.18702258169651031,0.6576864123344421,0.00836213305592537,0.1978522390127182,0.6658012866973877,0.012636725790798664
PLEASE,0.37968191504478455,0.7854529619216919,2.0744101902891998e-07,0.3783453106880188,0.7407927513122559,-0.004891468212008476,0.3883347511291504,0.702867329120636,-0.015578621998429298,0.38920289278030396,0.6676691174507141,-0.02681714855134487,0.38225677609443665,0.6403723359107971,-0.03930893912911415,0.43339988589286804,0.703220784664154,-0.018357157707214355,0.474284291267395,0.6919094324111938,-0.028663383796811104,0.5026848316192627,0.689759373664856,-0.035730645060539246,0.5237703323364258,0.6893088221549988,-0.04064805805683136,0.4406450688838959,0.7300207614898682,-0.022235941141843796,0.4819541275501251,0.7259209752082825,-0.032708995044231415,0.47119101881980896,0.7316939830780029,-0.03385414183139801,0.454367995262146,0.7351356148719788,-0.031924206763505936,0.4428844451904297,0.7608053088188171,-0.025592898949980736,0.4762725830078125,0.7600138783454895,-0.030771294608712196,0.46442127227783203,0.763496458530426,-0.0250178724527359,0.4503401219844818,0.764435350894928,-0.01980716362595558,0.44088074564933777,0.7908446788787842,-0.02945437841117382,0.46559515595436096,0.7895951271057129,-0.031123019754886627,0.45503687858581543,0.7923598885536194,-0.02390475384891033,0.4428919553756714,0.7939456105232239,-0.01740630902349949
PLEASE,0.49257218837738037,0.8505017757415771,6.862131840534857e-08,0.49149730801582336,0.7846187949180603,-0.006531978026032448,0.501387357711792,0.7300406694412231,-0.016236431896686554,0.5028744339942932,0.6847332715988159,-0.025448264554142952,0.49481669068336487,0.6492732763290405,-0.03513708338141441,0.5628530383110046,0.734053373336792,-0.01647050492465496,0.6054487228393555,0.7240084409713745,-0.019030006602406502,0.6302651762962341,0.7171582579612732,-0.020080478861927986,0.6461998820304871,0.7114324569702148,-0.02189972810447216,0.577501118183136,0.7682021856307983,-0.016437042504549026,0.6042987108230591,0.7582458853721619,-0.015511308796703815,0.5910669565200806,0.7615448832511902,-0.011747187934815884,0.5765558481216431,0.7681032419204712,-0.010250515304505825,0.5836334824562073,0.8027204871177673,-0.01595010608434677,0.597696840763092,0.7893243432044983,-0.011885179206728935,0.585892379283905,0.7932950258255005,-0.007278027944266796,0.5732867121696472,0.7986661791801453,-0.006908624432981014,0.5848567485809326,0.8340262174606323,-0.01637965813279152,0.5892158150672913,0.8197033405303955,-0.011952306143939495,0.5775055885314941,0.8230198621749878,-0.006952635943889618,0.5669453740119934,0.8284612894058228,-0.0041823298670351505
PLEASE,0.6325643062591553,0.8197799324989319,1.0837621999826297e-07,0.6387015581130981,0.7646002173423767,-0.004521307535469532,0.6238170862197876,0.7094101309776306,-0.011026812717318535,0.6138736009597778,0.6647401452064514,-0.017278656363487244,0.6135068535804749,0.6298485994338989,-0.024768691509962082,0.5809135437011719,0.7226989269256592,-0.016311874613165855,0.5397645831108093,0.7130884528160095,-0.025409286841750145,0.5118329524993896,0.705432116985321,-0.0335395447909832,0.49049901962280273,0.6983727216720581,-0.04033173993229866,0.5681116580963135,0.7516829967498779,-0.01781349815428257,0.5461344718933105,0.7418295741081238,-0.022667398676276207,0.5636278390884399,0.750241756439209,-0.022821826860308647,0.5783206224441528,0.7576285004615784,-0.02464739978313446,0.5633302927017212,0.785550594329834,-0.018834160640835762,0.5471973419189453,0.7727710604667664,-0.02438274584710598,0.5609641075134277,0.7780558466911316,-0.019692914560437202,0.5737219452857971,0.7852984666824341,-0.01724076457321644,0.5644212961196899,0.8150419592857361,-0.019803130999207497,0.553192138671875,0.8022751212120056,-0.023120203986763954,0.5640493035316467,0.8074173927307129,-0.01683133654296398,0.5738072991371155,0.8145240545272827,-0.012298052199184895
PEACE,0.3912748694419861,0.9343637228012085,5.197496761866205e-07,0.3471447825431824,0.912277340888977,-0.0274874959141016,0.3107328414916992,0.8878455758094788,-0.052069805562496185,0.30920112133026123,0.8787117004394531,-0.07646942138671875,0.32807716727256775,0.8783175945281982,-0.0991286113858223,0.3354303240776062,0.7689272165298462,-0.04813731461763382,0.3166641294956207,0.6863125562667847,-0.0776928961277008,0.3050537407398224,0.6375165581703186,-0.09342091530561447,0.2981763184070587,0.594281017780304,-0.10213902592658997,0.37803125381469727,0.7649195194244385,-0.05135444179177284,0.3920998275279999,0.696049153804779,-0.0785130113363266,0.40331804752349854,0.6442252397537231,-0.09113539755344391,0.4133358597755432,0.5989365577697754,-0.09608644992113113,0.41186898946762085,0.7862897515296936,-0.05610267445445061,0.3891758918762207,0.8175219297409058,-0.08261753618717194,0.3617108464241028,0.8681128025054932,-0.08152981847524643,0.34537988901138306,0.9033336639404297,-0.07261408120393753,0.4358435869216919,0.8250570297241211,-0.06403076648712158,0.40880632400512695,0.8593313097953796,-0.08031381666660309,0.38506317138671875,0.8920546770095825,-0.07440324872732162,0.36922013759613037,0.9154444336891174,-0.0643077939748764
PEACE,0.42134058475494385,0.7644613981246948,1.28244835195801e-07,0.3827134370803833,0.7335327863693237,-0.03241630271077156,0.35563379526138306,0.6823015809059143,-0.053592078387737274,0.37419891357421875,0.6549690365791321,-0.07456911355257034,0.4110755920410156,0.6501055359840393,-0.09341274201869965,0.388830304145813,0.5694148540496826,-0.031618308275938034,0.37074628472328186,0.48971986770629883,-0.060240548104047775,0.36036646366119385,0.4379104971885681,-0.0789259523153305,0.3538367748260498,0.3930717408657074,-0.09039971232414246,0.42993468046188354,0.5708028674125671,-0.03408390283584595,0.4487692415714264,0.4736829996109009,-0.05992191657423973,0.4583829641342163,0.41705232858657837,-0.07435162365436554,0.46775147318840027,0.37234336137771606,-0.08169544488191605,0.4608575403690338,0.5981265306472778,-0.040183693170547485,0.4631694555282593,0.5690664649009705,-0.07426022738218307,0.4333783984184265,0.6167255640029907,-0.07665301114320755,0.41491827368736267,0.6509506702423096,-0.06903929263353348,0.48374366760253906,0.6409731507301331,-0.04932597652077675,0.47242918610572815,0.6292129158973694,-0.07298016548156738,0.4465664327144623,0.6600009202957153,-0.06884127855300903,0.4308377802371979,0.6857328414916992,-0.06008685752749443
PEACE,0.31522610783576965,0.7618229389190674,5.426470579550369e-07,0.2736177444458008,0.7457079887390137,-0.024833519011735916,0.23852300643920898,0.7251300811767578,-0.04895257577300072,0.23441985249519348,0.7091342210769653,-0.07294101268053055,0.25176629424095154,0.70343416929245,-0.09552355110645294,0.2590557932853699,0.6057900786399841,-0.043183427304029465,0.2374170422554016,0.5319448709487915,-0.07146118581295013,0.22320988774299622,0.4824548065662384,-0.08931182324886322,0.21364977955818176,0.43999922275543213,-0.10077592730522156,0.2991962730884552,0.6032151579856873,-0.047556061297655106,0.3107590675354004,0.5402774810791016,-0.0726323202252388,0.32037463784217834,0.4908166229724884,-0.0870434045791626,0.32994264364242554,0.4461643099784851,-0.09434297680854797,0.33159494400024414,0.6258782148361206,-0.05290690064430237,0.3095417618751526,0.6374081373214722,-0.07562054693698883,0.28383272886276245,0.6823650002479553,-0.07202629745006561,0.26888617873191833,0.7143780589103699,-0.06332509219646454,0.3558479845523834,0.6647189855575562,-0.061254728585481644,0.328385591506958,0.6874581575393677,-0.07587828487157822,0.30761420726776123,0.7157003879547119,-0.0678376778960228,0.2951941192150116,0.7368869781494141,-0.056761227548122406
PEACE,0.2276362180709839,0.781235933303833,5.607551543107547e-07,0.17960642278194427,0.7622886896133423,-0.019245630130171776,0.14014749228954315,0.7401190996170044,-0.04082711786031723,0.11657308042049408,0.7245023846626282,-0.0642102062702179,0.11305572837591171,0.7124722599983215,-0.08654836565256119,0.15621216595172882,0.6171402335166931,-0.03857731074094772,0.1248537078499794,0.5386132597923279,-0.06507199257612228,0.10604319721460342,0.48896530270576477,-0.07894191145896912,0.0965534970164299,0.44736871123313904,-0.0870518758893013,0.19478259980678558,0.610822856426239,-0.046385906636714935,0.19226689636707306,0.5341476202011108,-0.07324302196502686,0.19851186871528625,0.4773890972137451,-0.08715169131755829,0.2092595249414444,0.4278883635997772,-0.09313676506280899,0.22702065110206604,0.631284773349762,-0.0549081452190876,0.1835310012102127,0.6470352411270142,-0.08096514642238617,0.15682543814182281,0.6980797052383423,-0.0791119933128357,0.1447148323059082,0.7349255681037903,-0.07012885808944702,0.24853086471557617,0.6674656271934509,-0.06584396213293076,0.2030058056116104,0.6933614015579224,-0.08045943081378937,0.17884495854377747,0.7250429391860962,-0.07348036766052246,0.16617554426193237,0.7510226964950562,-0.06331392377614975
PEACE,0.07544025033712387,0.7781129479408264,1.1966381663341963e-08,0.054042965173721313,0.7395806908607483,-0.02795693837106228,0.045589253306388855,0.6932270526885986,-0.044227246195077896,0.05240564048290253,0.6902464628219604,-0.05860957130789757,0.0743667259812355,0.703995943069458,-0.07227707654237747,0.10143056511878967,0.6152533888816833,-0.036686040461063385,0.1116628646850586,0.5420360565185547,-0.05652060732245445,0.1127883568406105,0.4997312128543854,-0.06635136157274246,0.11322823166847229,0.4622911810874939,-0.0726960226893425,0.11681323498487473,0.6280585527420044,-0.03817512467503548,0.11047592759132385,0.544242799282074,-0.05946898087859154,0.09510228037834167,0.5015459656715393,-0.06843680143356323,0.08282012492418289,0.462098628282547,-0.07124059647321701,0.12425346672534943,0.6622666120529175,-0.04221383482217789,0.09408877789974213,0.6540511250495911,-0.06958159804344177,0.08132874965667725,0.6558820009231567,-0.07843190431594849,0.08248483389616013,0.6445047855377197,-0.07930196076631546,0.12761016190052032,0.708081841468811,-0.048441898077726364,0.10003478825092316,0.728614330291748,-0.06877875328063965,0.08789186179637909,0.7435535192489624,-0.0714002475142479,0.08726358413696289,0.7452573776245117,-0.06968739628791809
PEACE,0.15208527445793152,0.7481194138526917,1.4745336329724523e-07,0.198301300406456,0.7272701263427734,-0.016284137964248657,0.22854828834533691,0.685725212097168,-0.025789445266127586,0.22602127492427826,0.6472926139831543,-0.03755519539117813,0.2057124227285385,0.6166121959686279,-0.048418641090393066,0.22953730821609497,0.5766642689704895,-0.018713267520070076,0.2568577826023102,0.5035446882247925,-0.03486964479088783,0.2707095742225647,0.46175307035446167,-0.04417471960186958,0.2810113728046417,0.42281877994537354,-0.05061499774456024,0.19164571166038513,0.5667779445648193,-0.027202876284718513,0.18734626471996307,0.4828757047653198,-0.051920827478170395,0.18412189185619354,0.4310098886489868,-0.06681355088949203,0.17977163195610046,0.38720887899398804,-0.07326950877904892,0.15571486949920654,0.5809095501899719,-0.03721458464860916,0.16696369647979736,0.5745003819465637,-0.07190591841936111,0.18145114183425903,0.6263748407363892,-0.08242980390787125,0.18913112580776215,0.662889838218689,-0.07995641231536865,0.12622395157814026,0.610557496547699,-0.04805784672498703,0.14071209728717804,0.6196005344390869,-0.07359995692968369,0.15908192098140717,0.6571932435035706,-0.07721032202243805,0.17134030163288116,0.6873900890350342,-0.07375381886959076
PEACE,0.09945182502269745,0.5722929239273071,4.619320463916665e-07,0.13456757366657257,0.5886598825454712,-0.02215500734746456,0.17566141486167908,0.5628300905227661,-0.03174985945224762,0.18990495800971985,0.5233904719352722,-0.042144257575273514,0.18906939029693604,0.47865480184555054,-0.05202421173453331,0.22721131145954132,0.48892441391944885,-0.01765279658138752,0.2804486155509949,0.46198952198028564,-0.03613564372062683,0.3156128227710724,0.44299447536468506,-0.048207640647888184,0.34267276525497437,0.42449328303337097,-0.05552193894982338,0.20139673352241516,0.45491135120391846,-0.02177855186164379,0.241808220744133,0.38836240768432617,-0.04485616832971573,0.26849132776260376,0.34463921189308167,-0.06036849319934845,0.2883777618408203,0.3069855272769928,-0.0672471895813942,0.1656738966703415,0.44112688302993774,-0.02825344167649746,0.18308977782726288,0.40924274921417236,-0.0650433897972107,0.17033682763576508,0.45911097526550293,-0.07390448451042175,0.15859390795230865,0.4971886873245239,-0.06857114285230637,0.1256217211484909,0.44297337532043457,-0.0357736237347126,0.13996484875679016,0.4324353039264679,-0.06732127070426941,0.13409870862960815,0.4757073223590851,-0.06996241211891174,0.12837356328964233,0.5115902423858643,-0.06349685788154602
PEACE,0.25361770391464233,0.8399487137794495,2.5044971607712796e-07,0.2996637523174286,0.8259357810020447,-0.02233818732202053,0.32711562514305115,0.7847920656204224,-0.03715682774782181,0.3334919512271881,0.750876247882843,-0.05299050360918045,0.310783714056015,0.7332265377044678,-0.06809280067682266,0.32436081767082214,0.671262264251709,-0.03365171328186989,0.3415301740169525,0.5990277528762817,-0.05353397876024246,0.35339584946632385,0.5526329874992371,-0.06604770570993423,0.35819992423057556,0.5109068155288696,-0.07554228603839874,0.2867673635482788,0.6676409244537354,-0.03919359669089317,0.26534563302993774,0.5832365155220032,-0.07093890011310577,0.2567433714866638,0.5241729617118835,-0.08868733793497086,0.2517741620540619,0.47351959347724915,-0.09746861457824707,0.24895519018173218,0.688282310962677,-0.045579247176647186,0.26509639620780945,0.6815986037254333,-0.08379165828227997,0.28314241766929626,0.7281655073165894,-0.09321895241737366,0.29128497838974,0.7594481706619263,-0.09093546122312546,0.21838775277137756,0.7209941744804382,-0.05338061973452568,0.24449515342712402,0.740016758441925,-0.08578461408615112,0.2717612683773041,0.7780985236167908,-0.09231031686067581,0.29303088784217834,0.8039504885673523,-0.09062670171260834
PEACE,0.7557066679000854,0.6693992018699646,1.3212681437835272e-07,0.7883939743041992,0.6831856966018677,-0.0282608475536108,0.8138340711593628,0.6553977727890015,-0.04145996272563934,0.8277530074119568,0.6169639825820923,-0.05147729814052582,0.8397249579429626,0.5941888689994812,-0.059936825186014175,0.8315765857696533,0.5555641651153564,-0.01862650364637375,0.8492522239685059,0.5239739418029785,-0.029240921139717102,0.8371795415878296,0.5383843779563904,-0.038087740540504456,0.8337985277175903,0.5493807792663574,-0.04678488150238991,0.8106415867805481,0.5203149914741516,-0.01765831559896469,0.840006411075592,0.4691682755947113,-0.041795723140239716,0.8301696181297302,0.5013381838798523,-0.05870695412158966,0.8250126838684082,0.5290573239326477,-0.06472687423229218,0.7825502753257751,0.5028652548789978,-0.020212283357977867,0.7954254746437073,0.41817808151245117,-0.04470989480614662,0.7978275418281555,0.36675864458084106,-0.06990371644496918,0.8031411170959473,0.32118725776672363,-0.08459719270467758,0.7509821057319641,0.5060158967971802,-0.023406490683555603,0.7427383661270142,0.4392351508140564,-0.04165661707520485,0.730387806892395,0.40101251006126404,-0.05628417059779167,0.7238242626190186,0.36233454942703247,-0.0674477219581604
PEACE,0.6422967910766602,0.6754554510116577,7.707312477123196e-08,0.6107742786407471,0.6508119106292725,-0.017214639112353325,0.5909262299537659,0.5987013578414917,-0.027801718562841415,0.6044996380805969,0.562919020652771,-0.03933361917734146,0.6320584416389465,0.547242283821106,-0.05006306245923042,0.5987458229064941,0.5125280618667603,-0.014733693562448025,0.5796988010406494,0.45244306325912476,-0.035225290805101395,0.5663883686065674,0.4155394434928894,-0.05101757496595383,0.558575451374054,0.38358354568481445,-0.06189652159810066,0.628957986831665,0.5102441906929016,-0.019938521087169647,0.6244348287582397,0.4212310314178467,-0.04030874744057655,0.6203569769859314,0.36730772256851196,-0.055239055305719376,0.6192141175270081,0.32588452100753784,-0.06352108716964722,0.65767502784729,0.5282543301582336,-0.02697109244763851,0.6569757461547852,0.47026127576828003,-0.056806761771440506,0.642512321472168,0.5170310735702515,-0.061512116342782974,0.6372031569480896,0.5557360649108887,-0.05666546896100044,0.686370849609375,0.5597999691963196,-0.034983839839696884,0.6751990914344788,0.5368208885192871,-0.062357839196920395,0.6615282297134399,0.5727686882019043,-0.06312763690948486,0.6576381921768188,0.6046957969665527,-0.056999582797288895
PEACE,0.5531399250030518,0.6860176920890808,9.435115089218016e-08,0.52216637134552,0.665149986743927,-0.01868988759815693,0.4946644604206085,0.6186621189117432,-0.032191839069128036,0.5013159513473511,0.5807508826255798,-0.047815125435590744,0.524725615978241,0.5578587055206299,-0.06200290471315384,0.5003278255462646,0.5155286192893982,-0.01575964316725731,0.4768182635307312,0.4468809962272644,-0.038357753306627274,0.4614209532737732,0.41047900915145874,-0.05366877093911171,0.4504688084125519,0.37744104862213135,-0.06337951868772507,0.5321491956710815,0.5094332695007324,-0.02281137742102146,0.5254101753234863,0.41020888090133667,-0.04716131091117859,0.5180169343948364,0.35063236951828003,-0.062377654016017914,0.5138627886772156,0.3059738874435425,-0.06904322654008865,0.5630680322647095,0.5272983312606812,-0.031992215663194656,0.5497415065765381,0.47221386432647705,-0.06428758800029755,0.5333674550056458,0.5239273309707642,-0.06644493341445923,0.5280559659004211,0.5658623576164246,-0.058456577360630035,0.5932365655899048,0.5606008768081665,-0.04274905472993851,0.5706764459609985,0.5440634489059448,-0.06883157044649124,0.5568667054176331,0.5834155082702637,-0.06641032546758652,0.554387092590332,0.6170713901519775,-0.05753231421113014
PEACE,0.45093321800231934,0.6877771615982056,2.3498370183006045e-07,0.40929657220840454,0.6764525771141052,-0.02024657651782036,0.37171244621276855,0.6366114020347595,-0.03492392227053642,0.3708817958831787,0.6009050011634827,-0.05122881755232811,0.38689959049224854,0.5703970193862915,-0.06610190123319626,0.3714224100112915,0.5247118473052979,-0.02049000933766365,0.336821973323822,0.45394569635391235,-0.04593869671225548,0.31543347239494324,0.4116344451904297,-0.06167619302868843,0.2988292872905731,0.3751658797264099,-0.0706847608089447,0.40550366044044495,0.5138216018676758,-0.02770455926656723,0.3889995813369751,0.42258304357528687,-0.05243240296840668,0.375715047121048,0.36292707920074463,-0.06689856946468353,0.36751264333724976,0.31146907806396484,-0.07291831821203232,0.43932434916496277,0.5263774394989014,-0.03774652257561684,0.4116309583187103,0.48374879360198975,-0.07231809198856354,0.40077894926071167,0.5399662256240845,-0.07641769200563431,0.40106678009033203,0.5830932855606079,-0.0688905343413353,0.4706336557865143,0.5540706515312195,-0.0493508018553257,0.4416046738624573,0.5462809205055237,-0.07670287787914276,0.4301852881908417,0.5873014330863953,-0.0758298859000206,0.4317030608654022,0.6187174916267395,-0.0677875503897667
PEACE,0.3190559148788452,0.677925705909729,4.4337934923532885e-07,0.2785694897174835,0.671435534954071,-0.02240687794983387,0.23837032914161682,0.6407943964004517,-0.04071421176195145,0.22017976641654968,0.6112958192825317,-0.060260724276304245,0.22861504554748535,0.5810204148292542,-0.07819858193397522,0.2455415576696396,0.5249107480049133,-0.02578866109251976,0.21898800134658813,0.45230787992477417,-0.05148516222834587,0.2013586461544037,0.4064573645591736,-0.06638047099113464,0.18882092833518982,0.3678131103515625,-0.07479007542133331,0.275457501411438,0.5179164409637451,-0.031553447246551514,0.25964540243148804,0.4322320818901062,-0.05856795981526375,0.25188499689102173,0.3757864832878113,-0.07282942533493042,0.24867744743824005,0.32606789469718933,-0.07788163423538208,0.30491697788238525,0.5299766659736633,-0.039940185844898224,0.26371172070503235,0.5029027462005615,-0.07474774122238159,0.2517336905002594,0.5545114278793335,-0.07616420835256577,0.25286564230918884,0.5940601825714111,-0.06626784056425095,0.32941949367523193,0.5569456219673157,-0.05017932876944542,0.2880259156227112,0.5533064603805542,-0.07489902526140213,0.2770245373249054,0.5916788578033447,-0.07145749032497406,0.2793285846710205,0.6224481463432312,-0.06164543330669403
PEACE,0.08185231685638428,0.6774793863296509,5.310741926223272e-07,0.10737938433885574,0.6520111560821533,-0.03344251960515976,0.10928339511156082,0.5996629595756531,-0.04785709083080292,0.06973358243703842,0.556344747543335,-0.05994810536503792,0.04184307903051376,0.522506058216095,-0.07038459181785583,0.1369592696428299,0.5093165040016174,-0.02536161057651043,0.17090290784835815,0.44394731521606445,-0.04358038306236267,0.19226917624473572,0.3992655277252197,-0.05480722710490227,0.20983684062957764,0.3629845976829529,-0.06173728406429291,0.10329820960760117,0.4947413504123688,-0.021689947694540024,0.09897273033857346,0.4086073040962219,-0.043224696069955826,0.09597328305244446,0.3524777889251709,-0.0569530688226223,0.09558501839637756,0.30831611156463623,-0.06295932084321976,0.07247570157051086,0.5058797001838684,-0.0216720812022686,0.062022559344768524,0.4705377221107483,-0.05461718514561653,0.06038873642683029,0.5166303515434265,-0.06445250660181046,0.06011150777339935,0.5484982132911682,-0.06062040105462074,0.048526979982852936,0.5316647291183472,-0.023845745250582695,0.038362592458724976,0.5167999863624573,-0.050917331129312515,0.04070063680410385,0.5491309762001038,-0.05513548478484154,0.04505906254053116,0.5731929540634155,-0.05072633922100067
PEACE,0.2468474954366684,0.704696774482727,3.8954647152422694e-07,0.28725001215934753,0.6834427118301392,-0.024561000987887383,0.30587294697761536,0.6297034621238708,-0.0352780744433403,0.2719995975494385,0.5859590768814087,-0.04702915996313095,0.23759283125400543,0.5558451414108276,-0.05797107145190239,0.31218719482421875,0.5231531262397766,-0.013880785554647446,0.3400978147983551,0.4520982801914215,-0.03010515309870243,0.35826894640922546,0.4074728488922119,-0.040986932814121246,0.37175601720809937,0.3676445484161377,-0.0492146871984005,0.2767624855041504,0.5118428468704224,-0.01802927441895008,0.27336645126342773,0.4184759259223938,-0.040840186178684235,0.2714918851852417,0.3609887361526489,-0.05710682272911072,0.269168496131897,0.31090813875198364,-0.06571066379547119,0.24550151824951172,0.5267851948738098,-0.025529848411679268,0.24243898689746857,0.48115935921669006,-0.06044616922736168,0.2482771873474121,0.5365302562713623,-0.07099230587482452,0.2531491219997406,0.5746096968650818,-0.06810897588729858,0.2176942527294159,0.5577085018157959,-0.03460392728447914,0.2159993052482605,0.5328396558761597,-0.06089164316654205,0.22572699189186096,0.5665547847747803,-0.06471701711416245,0.23598510026931763,0.5935667753219604,-0.06161840260028839
PEACE,0.40034013986587524,0.6986449956893921,2.2555292389370152e-07,0.44436389207839966,0.6748121976852417,-0.018287885934114456,0.4735977053642273,0.6267011165618896,-0.027532102540135384,0.4563594460487366,0.5801408290863037,-0.03853272646665573,0.4268715977668762,0.5497094988822937,-0.04931019991636276,0.46665915846824646,0.50975102186203,-0.015900276601314545,0.4882284104824066,0.4338558614253998,-0.03184105455875397,0.500080943107605,0.386929988861084,-0.04328489676117897,0.5093900561332703,0.343010812997818,-0.05250796675682068,0.4332142472267151,0.5016626119613647,-0.02379334345459938,0.4313815236091614,0.40379273891448975,-0.04577362909913063,0.4271089434623718,0.3404371440410614,-0.061251964420080185,0.42317435145378113,0.2855430245399475,-0.07061979174613953,0.4006015956401825,0.5189549922943115,-0.03374718502163887,0.4126802980899811,0.4653153419494629,-0.06701284646987915,0.424050509929657,0.5142962336540222,-0.07492565363645554,0.4302154779434204,0.5546630024909973,-0.07172299921512604,0.3706614077091217,0.5519506931304932,-0.04489175230264664,0.3814614415168762,0.5173922181129456,-0.07186172157526016,0.3998686671257019,0.5455644130706787,-0.07527720928192139,0.4140408933162689,0.5733693838119507,-0.0722992867231369
PEACE,0.5102843046188354,0.6787066459655762,1.9608032175710832e-07,0.5597530007362366,0.6624800562858582,-0.007325693964958191,0.5915894508361816,0.6255004405975342,-0.012918708845973015,0.6091393232345581,0.5803461670875549,-0.02090325765311718,0.578133761882782,0.5551164746284485,-0.029889333993196487,0.5822886228561401,0.5192937850952148,-0.008249500766396523,0.6029569506645203,0.4401920735836029,-0.013604837469756603,0.6137459874153137,0.3973468542098999,-0.019165175035595894,0.6208478808403015,0.3580997586250305,-0.026309648528695107,0.5550101399421692,0.5108892321586609,-0.016901811584830284,0.5535356402397156,0.41082876920700073,-0.030055195093154907,0.5570240616798401,0.3577324151992798,-0.041809145361185074,0.5606569051742554,0.31115105748176575,-0.050974857062101364,0.5243303775787354,0.5239109396934509,-0.025340527296066284,0.5493965148925781,0.47168833017349243,-0.046826932579278946,0.5686617493629456,0.5200706124305725,-0.05307876318693161,0.5753579139709473,0.5577014088630676,-0.05335647985339165,0.4946907162666321,0.553393542766571,-0.033933185040950775,0.5240695476531982,0.511969804763794,-0.0567595399916172,0.5419657230377197,0.5476379990577698,-0.05956335738301277,0.5478152632713318,0.5833415985107422,-0.05811425298452377
PEACE,0.6353006362915039,0.6837450861930847,1.3230989281964867e-07,0.6952185034751892,0.6754772663116455,-0.00763153750449419,0.7322694063186646,0.6489666104316711,-0.018344037234783173,0.7571334838867188,0.6178609132766724,-0.03210487589240074,0.7391697764396667,0.5924726128578186,-0.04683138430118561,0.7296168208122253,0.5515776872634888,-0.0054236361756920815,0.7541760206222534,0.4912528395652771,-0.013335350900888443,0.7651491165161133,0.45540598034858704,-0.02068045362830162,0.7709690928459167,0.4176773428916931,-0.027966490015387535,0.7042424082756042,0.5403306484222412,-0.014610722661018372,0.7121486067771912,0.4545188248157501,-0.027124658226966858,0.7149145007133484,0.4076099395751953,-0.036146536469459534,0.7192716598510742,0.36479970812797546,-0.04307578504085541,0.6747156977653503,0.5450612306594849,-0.025068139657378197,0.7073101997375488,0.5130580067634583,-0.046003393828868866,0.7253230214118958,0.5573610663414001,-0.05474349111318588,0.729468584060669,0.5918891429901123,-0.057646285742521286,0.647074282169342,0.5609396696090698,-0.035732824355363846,0.6826673746109009,0.5396318435668945,-0.055933162569999695,0.7005540132522583,0.5739261507987976,-0.06052486598491669,0.7071205377578735,0.6083838939666748,-0.06164390593767166
PEACE,0.7142336368560791,0.7503542900085449,6.957450295885792e-07,0.6739104390144348,0.7422049045562744,-0.027968836948275566,0.6417442560195923,0.7139217853546143,-0.050120312720537186,0.65147864818573,0.6942997574806213,-0.07082422077655792,0.6779435873031616,0.6869897842407227,-0.09041290730237961,0.64732825756073,0.6031601428985596,-0.049724873155355453,0.6283730864524841,0.5199379920959473,-0.08084172010421753,0.6181493997573853,0.4673888087272644,-0.09893506020307541,0.609464704990387,0.42158663272857666,-0.11018874496221542,0.6884663701057434,0.598168671131134,-0.05474328249692917,0.6973686218261719,0.5074083805084229,-0.08524687588214874,0.702419102191925,0.4482608437538147,-0.10074776411056519,0.705313503742218,0.39389607310295105,-0.10729951411485672,0.7227051854133606,0.6188911199569702,-0.060927946120500565,0.7218042016029358,0.6116199493408203,-0.09536302089691162,0.7047048807144165,0.6677042245864868,-0.09372751414775848,0.6915943622589111,0.7082300186157227,-0.08277449756860733,0.7493137717247009,0.6540422439575195,-0.06947765499353409,0.740222156047821,0.6746869087219238,-0.09529804438352585,0.723494291305542,0.7156022191047668,-0.08956990391016006,0.711304247379303,0.7455825209617615,-0.07812736928462982
PEACE,0.6266487240791321,0.7218599915504456,4.972750389242719e-07,0.5853404402732849,0.7044335007667542,-0.024505574256181717,0.5531868934631348,0.6790915727615356,-0.04417431727051735,0.5465238094329834,0.6551341414451599,-0.06381580233573914,0.5544649958610535,0.6399493217468262,-0.0817994549870491,0.5548129677772522,0.5579858422279358,-0.036260854452848434,0.5295229554176331,0.47703444957733154,-0.061953894793987274,0.5153747200965881,0.4270196855068207,-0.07539181411266327,0.5062401294708252,0.38463830947875977,-0.0819213017821312,0.5914114117622375,0.5541985630989075,-0.04088060185313225,0.5895117521286011,0.4725321829319,-0.06653232127428055,0.5885889530181885,0.41137564182281494,-0.080168716609478,0.5891815423965454,0.3602980077266693,-0.08516664803028107,0.6241936683654785,0.5722044706344604,-0.047242313623428345,0.6088837385177612,0.5794219970703125,-0.07607920467853546,0.5930019021034241,0.623826265335083,-0.07745705544948578,0.5827875137329102,0.6581743955612183,-0.06912216544151306,0.6502164602279663,0.6035469174385071,-0.05587885156273842,0.6291807293891907,0.6223657727241516,-0.0726502388715744,0.6116880178451538,0.6584069132804871,-0.0660930797457695,0.5993176698684692,0.6878991723060608,-0.055332738906145096
PEACE,0.48123979568481445,0.7126957774162292,4.916596481052693e-07,0.4403878152370453,0.7075395584106445,-0.017042294144630432,0.4030163586139679,0.688233494758606,-0.031208954751491547,0.38330960273742676,0.6671627759933472,-0.04633459076285362,0.36697256565093994,0.6474342346191406,-0.060393985360860825,0.3995994031429291,0.5785183906555176,-0.026277557015419006,0.3707784116268158,0.5126034617424011,-0.047690484672784805,0.3530654013156891,0.467499703168869,-0.06114758178591728,0.3396404981613159,0.430793821811676,-0.06905756890773773,0.43165189027786255,0.564518928527832,-0.03257732093334198,0.41777563095092773,0.49886247515678406,-0.05516445264220238,0.40693798661231995,0.4462859034538269,-0.07012072950601578,0.3981128931045532,0.4069916605949402,-0.07674409449100494,0.46359074115753174,0.5736477971076965,-0.039575688540935516,0.42876335978507996,0.5901566743850708,-0.06368451565504074,0.4124174416065216,0.6354150176048279,-0.06432721763849258,0.4051464796066284,0.6707355976104736,-0.05718052759766579,0.4891854524612427,0.5993309617042542,-0.04845245182514191,0.45512768626213074,0.6259168982505798,-0.06355047225952148,0.44171175360679626,0.660881757736206,-0.05690433084964752,0.43654024600982666,0.6895095705986023,-0.04651332646608353
PEACE,0.5616840124130249,1.033881425857544,1.494176899541344e-06,0.4821547865867615,0.9834467768669128,-0.04461077228188515,0.4233759045600891,0.8968099355697632,-0.09928673505783081,0.36505749821662903,0.8191448450088501,-0.1429174840450287,0.3007693588733673,0.7789146304130554,-0.18331560492515564,0.4367964565753937,0.8350193500518799,-0.18309944868087769,0.38555485010147095,0.6945491433143616,-0.2676430642604828,0.3540092408657074,0.5895870327949524,-0.3220480680465698,0.3321336507797241,0.5015586018562317,-0.36241641640663147,0.5213087201118469,0.8213037252426147,-0.18520024418830872,0.5266517996788025,0.680075466632843,-0.29401764273643494,0.5244612693786621,0.5582049489021301,-0.34540367126464844,0.5293670296669006,0.46599698066711426,-0.37680375576019287,0.5929276347160339,0.853961169719696,-0.17631524801254272,0.5861117839813232,0.8568274974822998,-0.22506052255630493,0.5594024658203125,0.9138285517692566,-0.17807574570178986,0.5450430512428284,0.9646669626235962,-0.14126093685626984,0.6463735103607178,0.9000269174575806,-0.1734817624092102,0.633404016494751,0.9285275340080261,-0.19891564548015594,0.6144179701805115,0.9770442843437195,-0.16248035430908203,0.5999709367752075,1.0156008005142212,-0.12987729907035828
PEACE,0.6020635366439819,0.8111996650695801,-2.515533736868747e-08,0.6485277414321899,0.7860137224197388,-0.012002779170870781,0.6782968044281006,0.7504424452781677,-0.02322099730372429,0.6955819725990295,0.728479266166687,-0.035127196460962296,0.7021226286888123,0.7047138214111328,-0.048065561801195145,0.6930047273635864,0.646912693977356,-0.026558732613921165,0.7053660154342651,0.5746397972106934,-0.04820624738931656,0.7099265456199646,0.5284489989280701,-0.06624434143304825,0.7096027135848999,0.48223191499710083,-0.07959681749343872,0.6724767088890076,0.6541523933410645,-0.035213734954595566,0.6700901985168457,0.5662936568260193,-0.05679755285382271,0.6594107747077942,0.5089297294616699,-0.07118548452854156,0.6455302834510803,0.4611817002296448,-0.08303826302289963,0.648713231086731,0.6778630614280701,-0.04551703855395317,0.6504157781600952,0.6152071952819824,-0.06875039637088776,0.6527257561683655,0.5725226998329163,-0.0795794427394867,0.650183916091919,0.5372821092605591,-0.08737966418266296,0.6267899870872498,0.7163350582122803,-0.05667894706130028,0.6405775547027588,0.7028071880340576,-0.07569324225187302,0.6527853012084961,0.6933912038803101,-0.08153266459703445,0.6593841910362244,0.6806045174598694,-0.08603736758232117
PEACE,0.47102120518684387,0.701499342918396,3.6555786664393963e-07,0.4972842335700989,0.6872660517692566,-0.023390602320432663,0.5053242444992065,0.6572468280792236,-0.035523671656847,0.4843392074108124,0.6412479877471924,-0.047016825526952744,0.4597439765930176,0.6306524872779846,-0.05838016793131828,0.49270686507225037,0.5698838829994202,-0.018431682139635086,0.4972389340400696,0.5105551481246948,-0.03196904435753822,0.49595892429351807,0.4725461006164551,-0.04153671860694885,0.4957166612148285,0.43946391344070435,-0.04812164604663849,0.46754220128059387,0.5658513903617859,-0.018450573086738586,0.45195090770721436,0.5001497268676758,-0.03534106910228729,0.44101041555404663,0.45531702041625977,-0.04740505293011665,0.43319183588027954,0.4217451810836792,-0.05326491966843605,0.44729939103126526,0.5788512825965881,-0.02085098810493946,0.4315631687641144,0.5447243452072144,-0.048721522092819214,0.43451929092407227,0.5842932462692261,-0.05687198415398598,0.43993404507637024,0.6172763109207153,-0.053797610104084015,0.4333030879497528,0.6036463379859924,-0.024490460753440857,0.4213566184043884,0.58558589220047,-0.048646479845047,0.4253413677215576,0.6139103174209595,-0.05182064697146416,0.43224018812179565,0.6400584578514099,-0.047966569662094116
